UserID,Venue category name,Latitude,Longitude,Time,Timegap,Trajectory
1,Bar,40.76066702,-73.99494767,4/13/2012 21:11:20,0 days 09:29:39.000000000,2
1,Korean Restaurant,40.76410356,-73.98672473,4/13/2012 23:07:56,0 days 01:56:36.000000000,2
1,Bar,40.76064468,-73.98606474,4/14/2012 0:45:13,0 days 01:37:17.000000000,2
1,Seafood Restaurant,40.74588914,-73.98852104,6/16/2012 17:29:30,4 days 03:09:07.000000000,15
1,Seafood Restaurant,40.75250499,-73.97758004,6/16/2012 19:33:50,0 days 02:04:20.000000000,15
1,Mexican Restaurant,40.71788828,-74.00566835,7/2/2012 12:00:17,4 days 22:44:14.000000000,16
1,Coffee Shop,40.720087,-74.003961,7/2/2012 14:16:36,0 days 02:16:19.000000000,16
1,Airport,40.64508936,-73.78452301,8/10/2012 12:40:07,4 days 17:05:00.000000000,20
1,Steakhouse,40.64085611,-73.78920078,8/10/2012 13:05:07,0 days 00:25:00.000000000,20
2,Bridge,40.60679958,-74.04416981,4/28/2012 21:01:09,1 days 01:45:46.000000000,26
2,Bar,40.624587,-74.142421,4/28/2012 22:53:24,0 days 01:52:15.000000000,26
2,Coffee Shop,40.74064692,-73.99104044,5/10/2012 16:43:21,1 days 20:19:33.000000000,28
2,Department Store,40.7221271,-73.99930899,5/10/2012 18:17:53,0 days 01:34:32.000000000,28
2,Cosmetics Shop,40.72387965,-73.99822542,5/10/2012 18:23:18,0 days 00:05:25.000000000,28
2,Subway,40.64609878,-73.90266895,5/21/2012 11:59:47,2 days 23:41:47.000000000,33
2,Clothing Store,40.75707004,-73.98477919,5/21/2012 12:55:13,0 days 00:55:26.000000000,33
2,Design Studio,40.75445144,-73.99086827,5/21/2012 13:41:49,0 days 00:46:36.000000000,33
2,Bar,40.58114627,-74.11184947,6/11/2012 18:50:02,0 days 22:19:36.000000000,38
2,Bar,40.70876622,-73.95775191,6/11/2012 20:13:00,0 days 01:22:58.000000000,38
2,Gym / Fitness Center,40.64662158,-73.91352093,7/2/2012 9:38:49,4 days 20:15:42.000000000,40
2,Subway,40.64609878,-73.90266895,7/2/2012 10:40:48,0 days 01:01:59.000000000,40
2,Plaza,40.75648987,-73.98626804,7/2/2012 13:28:32,0 days 02:47:44.000000000,40
2,Coffee Shop,40.75755034,-73.98486528,7/2/2012 13:58:48,0 days 00:30:16.000000000,40
2,Train Station,40.59009477,-73.97417879999998,7/5/2012 7:40:56,1 days 11:58:07.000000000,42
2,Sandwich Place,40.73710648,-73.99032308,7/5/2012 10:10:50,0 days 02:29:54.000000000,42
2,Subway,40.67837611,-73.90339851,7/5/2012 13:06:47,0 days 02:55:57.000000000,42
3,Tapas Restaurant,40.72610646,-73.99293427,4/14/2012 20:06:22,1 days 22:20:21.000000000,58
3,Hotel,40.726057,-73.991733,4/14/2012 21:49:26,0 days 01:43:04.000000000,58
3,American Restaurant,40.74499789,-73.98860139,4/20/2012 20:25:23,2 days 01:03:32.000000000,59
3,Hotel,40.74507684,-73.988676,4/20/2012 22:09:37,0 days 01:44:14.000000000,59
3,Medical Center,40.72993511,-73.97866122,7/6/2012 18:21:52,1 days 08:26:27.000000000,68
3,American Restaurant,40.72789473,-73.97905723,7/6/2012 20:05:57,0 days 01:44:05.000000000,68
4,Concert Hall,40.77308313,-73.98281336,4/22/2012 19:59:10,0 days 05:43:26.000000000,74
4,Bar,40.76233786,-73.98240319,4/22/2012 20:41:19,0 days 00:42:09.000000000,74
4,Concert Hall,40.766607,-73.982547,5/17/2012 11:13:39,0 days 15:30:03.000000000,76
4,Bank,40.76443426,-73.98249502,5/17/2012 11:42:51,0 days 00:29:12.000000000,76
4,Post Office,40.81117716,-73.95323455,5/17/2012 12:45:43,0 days 01:02:52.000000000,76
4,General College & University,40.80808596,-73.95549611,6/26/2012 18:48:02,6 days 01:21:08.000000000,80
4,Church,40.8168158,-73.9413925,6/26/2012 19:41:23,0 days 00:53:21.000000000,80
4,Gym / Fitness Center,40.80927,-73.94907117,6/26/2012 22:38:07,0 days 02:56:44.000000000,80
5,Department Store,40.73215319,-74.03588891,6/30/2012 18:19:50,4 days 06:05:21.000000000,91
5,Department Store,40.73215319,-74.03588891,6/30/2012 20:15:14,0 days 01:55:24.000000000,91
5,Food & Drink Shop,40.73114507,-74.04147863,6/30/2012 20:59:59,0 days 00:44:45.000000000,91
5,Mall,40.72696607,-74.03832436,7/3/2012 18:23:36,0 days 22:58:46.000000000,92
5,Food & Drink Shop,40.72891738,-74.04134989,7/3/2012 18:35:05,0 days 00:11:29.000000000,92
5,Bar,40.70407936,-74.01269785,7/12/2012 19:06:36,1 days 23:52:27.000000000,94
5,Building,40.71186956,-74.01181415,7/12/2012 19:40:03,0 days 00:33:27.000000000,94
5,Train Station,40.71267093,-74.01193142,7/12/2012 19:40:32,0 days 00:00:29.000000000,94
5,Mall,40.72696607,-74.03832436,7/12/2012 19:59:20,0 days 00:18:48.000000000,94
5,Residential Building (Apartment / Condo),40.72931156,-74.04107715,7/12/2012 20:26:27,0 days 00:27:07.000000000,94
5,Train Station,40.71267093,-74.01193142,8/10/2012 19:12:04,13 days 01:16:29.000000000,101
5,Subway,40.72688476,-74.03454781,8/10/2012 19:23:00,0 days 00:10:56.000000000,101
5,Bank,40.72828979,-74.03468558,8/10/2012 19:28:02,0 days 00:05:02.000000000,101
5,Bar,40.70407936,-74.01269785,10/11/2012 18:25:46,8 days 05:59:50.000000000,109
5,Building,40.71173704,-74.01203221,10/11/2012 19:42:36,0 days 01:16:50.000000000,109
5,Subway,40.72688476,-74.03454781,10/11/2012 19:58:44,0 days 00:16:08.000000000,109
6,Fried Chicken Joint,40.76469593,-73.8851975,11/15/2012 17:49:01,2 days 17:48:54.000000000,119
6,Bus Station,40.76607904,-73.88352871,11/15/2012 18:40:16,0 days 00:51:15.000000000,119
6,Subway,40.73009874,-73.86145272,11/15/2012 21:20:20,0 days 02:40:04.000000000,119
6,Subway,40.74970348,-73.987813,11/15/2012 22:02:42,0 days 00:42:22.000000000,119
6,Office,40.69008723,-73.98177762,11/15/2012 22:30:03,0 days 00:27:21.000000000,119
6,Bus Station,40.91234505,-73.90275478,11/16/2012 21:04:59,0 days 04:19:21.000000000,121
6,Subway,40.74637912,-73.98189068,11/16/2012 22:05:06,0 days 01:00:07.000000000,121
6,Subway,40.69043337,-73.98528099,11/16/2012 23:02:30,0 days 00:57:24.000000000,121
6,Japanese Restaurant,40.79948534,-73.96830729,11/17/2012 0:58:11,0 days 01:55:41.000000000,121
6,Subway,40.79467579,-73.97176266,11/17/2012 1:01:00,0 days 00:02:49.000000000,121
6,Home (private),40.8331652,-73.94186034,11/17/2012 2:35:32,0 days 01:34:32.000000000,121
6,Home (private),40.8331652,-73.94186034,11/20/2012 14:05:34,0 days 14:41:02.000000000,124
6,Subway,40.70858836,-73.99103165,11/20/2012 17:01:18,0 days 02:55:44.000000000,124
6,Bus Station,40.75909046,-73.83005619,11/20/2012 18:17:15,0 days 01:15:57.000000000,124
6,Home (private),40.8331652,-73.94186034,12/1/2012 14:39:46,2 days 11:48:27.000000000,131
6,Subway,40.83128283,-73.9413925,12/1/2012 15:54:25,0 days 01:14:39.000000000,131
6,Office,40.69008723,-73.98177762,12/1/2012 17:35:07,0 days 01:40:42.000000000,131
6,Bus Station,40.82783908,-73.92576814,12/1/2012 18:47:17,0 days 01:12:10.000000000,131
6,Train Station,40.76308867,-73.77126217,12/2/2012 18:57:20,0 days 04:07:00.000000000,133
6,Bridge,40.80023122,-73.82881165,12/2/2012 20:10:19,0 days 01:12:59.000000000,133
6,Subway,40.86046649,-73.92554283,12/2/2012 21:19:17,0 days 01:08:58.000000000,133
6,Subway,40.68805851,-73.98049054,12/17/2012 16:26:54,0 days 19:08:28.000000000,143
6,Subway,40.74637912,-73.98189068,12/17/2012 17:03:28,0 days 00:36:34.000000000,143
6,Bridge,40.75673368,-73.95445704,12/17/2012 17:34:32,0 days 00:31:04.000000000,143
6,Bus Station,40.69908885,-73.8067628,12/17/2012 18:40:38,0 days 01:06:06.000000000,143
6,Office,40.69008723,-73.98177762,12/27/2012 16:00:27,0 days 12:16:16.000000000,149
6,Subway,40.77007682,-73.91798973,12/27/2012 17:41:04,0 days 01:40:37.000000000,149
6,Airport,40.773839,-73.87122,12/27/2012 19:22:08,0 days 01:41:04.000000000,149
6,Bridge,40.78008648,-73.92702341,12/27/2012 19:53:02,0 days 00:30:54.000000000,149
6,Other Great Outdoors,40.65125965,-74.00391698,1/7/2013 4:35:21,0 days 03:24:41.000000000,155
6,Bus Station,40.65267596,-74.00214672,1/7/2013 5:24:09,0 days 00:48:48.000000000,155
6,Bus Station,40.65573902,-73.90721699,1/7/2013 7:21:13,0 days 01:57:04.000000000,155
6,Bus Station,40.61947411,-73.98995876,1/7/2013 8:20:11,0 days 00:58:58.000000000,155
6,Bus Station,40.60531946,-73.98041169,1/9/2013 22:54:24,0 days 04:28:30.000000000,157
6,Subway,40.57745558,-73.98124695,1/10/2013 1:06:03,0 days 02:11:39.000000000,157
6,Plaza,40.75648987,-73.98626804,1/10/2013 3:43:31,0 days 02:37:28.000000000,157
6,Donut Shop,40.83416102,-73.94503761,1/10/2013 4:37:29,0 days 00:53:58.000000000,157
6,Subway,40.6698444,-73.95046659,1/17/2013 23:47:29,0 days 18:59:11.000000000,164
6,Subway,40.65078399,-73.9495896,1/18/2013 0:44:33,0 days 00:57:04.000000000,164
6,Home (private),40.8331652,-73.94186034,1/29/2013 18:36:20,4 days 14:57:00.000000000,167
6,Subway,40.68805851,-73.98049054,1/29/2013 20:32:10,0 days 01:55:50.000000000,167
6,Subway,40.75650613,-73.98802757,2/8/2013 0:47:23,0 days 18:46:51.000000000,174
6,Office,40.69008723,-73.98177762,2/8/2013 2:44:59,0 days 01:57:36.000000000,174
6,Subway,40.68991272,-73.98150444,2/8/2013 3:23:35,0 days 00:38:36.000000000,174
6,Subway,40.81554068,-73.95842347,2/8/2013 5:20:24,0 days 01:56:49.000000000,174
7,School,40.79336765,-73.94829806,4/4/2012 7:49:27,0 days 16:13:49.000000000,178
7,School,40.79336765,-73.94829806,4/4/2012 7:52:42,0 days 00:03:15.000000000,178
7,Gym / Fitness Center,40.80927,-73.94907117,4/4/2012 8:47:01,0 days 00:54:19.000000000,178
7,School,40.79367378,-73.94884338,4/19/2012 8:20:27,0 days 12:46:09.000000000,191
7,Food & Drink Shop,40.77191392,-73.95900894,4/19/2012 9:08:25,0 days 00:47:58.000000000,191
7,Coffee Shop,40.77211113,-73.96095474,4/19/2012 9:10:11,0 days 00:01:46.000000000,191
7,Financial or Legal Service,40.774406,-73.959846,5/3/2012 14:32:05,0 days 03:36:53.000000000,200
7,Coffee Shop,40.77211113,-73.96095474,5/3/2012 14:47:33,0 days 00:15:28.000000000,200
7,Food & Drink Shop,40.774111,-73.959546,5/4/2012 17:22:29,0 days 04:46:06.000000000,201
7,Art Gallery,40.77481616,-73.96447895,5/4/2012 18:47:01,0 days 01:24:32.000000000,201
7,Bar,40.74547800000001,-73.97780999999998,5/4/2012 20:08:48,0 days 01:21:47.000000000,201
7,School,40.79367378,-73.94887208,5/18/2012 7:36:35,1 days 11:16:19.000000000,210
7,Park,40.76480995,-73.97337528,5/18/2012 8:26:53,0 days 00:50:18.000000000,210
7,Bakery,40.76,-73.97549599999998,5/18/2012 8:41:29,0 days 00:14:36.000000000,210
7,Art Museum,40.76139684,-73.97698575,5/18/2012 10:52:16,0 days 02:10:47.000000000,210
7,Tattoo Parlor,40.77169481,-73.90874419,6/26/2012 20:22:54,14 days 11:56:20.000000000,217
7,Gastropub,40.75877063,-73.91840664,6/26/2012 20:50:09,0 days 00:27:15.000000000,217
7,Coffee Shop,40.77211113,-73.96095474,7/3/2012 9:55:34,6 days 13:05:25.000000000,218
7,Vegetarian / Vegan Restaurant,40.77130228,-73.96158038,7/3/2012 9:57:51,0 days 00:02:17.000000000,218
7,Gym / Fitness Center,40.80927,-73.94907117,7/5/2012 20:57:26,0 days 11:14:15.000000000,219
7,Music Venue,40.81440532,-73.94437174,7/5/2012 23:09:56,0 days 02:12:30.000000000,219
7,Food & Drink Shop,40.733879,-73.988185,7/7/2012 9:19:11,0 days 12:02:30.000000000,220
7,Gym / Fitness Center,40.80927,-73.94907117,7/7/2012 10:50:49,0 days 01:31:38.000000000,220
7,Coffee Shop,40.77211113,-73.96095474,7/13/2012 11:02:04,0 days 13:07:54.000000000,224
7,Vegetarian / Vegan Restaurant,40.77130228,-73.96158038,7/13/2012 11:02:27,0 days 00:00:23.000000000,224
7,Burger Joint,40.76853552,-73.95557647,7/13/2012 11:42:50,0 days 00:40:23.000000000,224
7,School,40.79340457,-73.94856785,10/22/2012 8:31:48,2 days 23:57:47.000000000,228
7,Coffee Shop,40.77211113,-73.96095474,10/22/2012 9:28:23,0 days 00:56:35.000000000,228
7,American Restaurant,40.77970083,-73.95599549,12/9/2012 15:44:22,0 days 04:59:03.000000000,234
7,Coffee Shop,40.77211113,-73.96095474,12/9/2012 17:19:44,0 days 01:35:22.000000000,234
8,Spa / Massage,40.72772898,-74.00727512,1/29/2013 14:30:35,0 days 06:46:09.000000000,246
8,Coffee Shop,40.73819586,-74.00347051,1/29/2013 16:07:38,0 days 01:37:03.000000000,246
9,Office,40.74622927,-73.982381,4/26/2012 10:16:31,0 days 14:15:34.000000000,254
9,Coffee Shop,40.74404465,-73.98373696,4/26/2012 11:01:29,0 days 00:44:58.000000000,254
9,Office,40.74072399,-73.98694856,4/26/2012 11:01:57,0 days 00:00:28.000000000,254
9,Garden,40.72477483,-73.98248881,4/29/2012 11:09:26,0 days 21:59:23.000000000,257
9,Coffee Shop,40.73530691,-74.00594954,4/29/2012 11:31:27,0 days 00:22:01.000000000,257
9,Italian Restaurant,40.72007096,-73.98823142,5/5/2012 12:02:48,0 days 12:46:38.000000000,263
9,Tea Room,40.720112,-73.98885351,5/5/2012 13:09:55,0 days 01:07:07.000000000,263
9,Mexican Restaurant,40.75922049,-73.98880005,5/5/2012 13:16:48,0 days 00:06:53.000000000,263
9,Harbor / Marina,40.70566047,-74.00287628,5/5/2012 14:03:11,0 days 00:46:23.000000000,263
9,Other Great Outdoors,40.70281445,-74.01436767,5/5/2012 14:18:24,0 days 00:15:13.000000000,263
9,Flea Market,40.71985686,-73.96130487,5/13/2012 15:12:49,0 days 05:07:31.000000000,269
9,Park,40.71670665,-73.967078,5/13/2012 15:13:27,0 days 00:00:38.000000000,269
9,Park,40.69118179,-73.97480965,5/13/2012 15:33:06,0 days 00:19:39.000000000,269
9,Train Station,40.7507948,-73.99357639,5/13/2012 17:10:17,0 days 01:37:11.000000000,269
9,Office,40.74072399,-73.98694856,5/14/2012 10:00:45,0 days 16:50:28.000000000,270
9,Food Truck,40.74265628,-73.98901463,5/14/2012 12:53:00,0 days 02:52:15.000000000,270
9,Flea Market,40.71985686,-73.96130487,7/15/2012 15:12:09,0 days 11:08:24.000000000,280
9,Moving Target,40.664661,-73.97685899999998,7/15/2012 16:37:05,0 days 01:24:56.000000000,280
9,Athletic & Sport,40.66149879,-73.97472382,7/15/2012 16:38:44,0 days 00:01:39.000000000,280
9,Movie Theater,40.73135645,-73.9886713,12/15/2012 11:19:08,0 days 12:10:06.000000000,283
9,Bagel Shop,40.73165485,-73.98844485,12/15/2012 11:21:25,0 days 00:02:17.000000000,283
10,Bike Shop,40.77867602,-73.95118535,4/10/2012 19:11:15,1 days 06:20:19.000000000,287
10,Home (private),40.77561585,-73.95361626,4/10/2012 21:50:46,0 days 02:39:31.000000000,287
10,Train Station,40.71267093,-74.01193142,4/15/2012 9:27:42,0 days 14:43:23.000000000,289
10,Train Station,40.73420076,-74.16483829,4/15/2012 10:31:45,0 days 01:04:03.000000000,289
10,Other Great Outdoors,40.78418091,-73.9590168,4/28/2012 12:04:39,0 days 16:04:18.000000000,295
10,Home (private),40.76908104,-73.97712596,4/28/2012 13:27:24,0 days 01:22:45.000000000,295
10,Italian Restaurant,40.76449771,-73.98257537,4/28/2012 13:30:54,0 days 00:03:30.000000000,295
10,Event Space,40.72525129,-74.00796373,4/28/2012 15:06:09,0 days 01:35:15.000000000,295
10,Food Truck,40.75694115,-73.98298859,5/3/2012 13:08:17,1 days 13:04:40.000000000,299
10,Park,40.75372797,-73.98368836,5/3/2012 13:33:06,0 days 00:24:49.000000000,299
10,Candy Store,40.75465789,-73.98798732,5/3/2012 13:48:07,0 days 00:15:01.000000000,299
10,Bookstore,40.75485026,-73.98800494,5/3/2012 13:59:28,0 days 00:11:21.000000000,299
10,Bookstore,40.73316247,-73.99104044,6/4/2012 20:06:08,1 days 05:51:12.000000000,308
10,Chinese Restaurant,40.72770626,-73.985601,6/4/2012 20:20:08,0 days 00:14:00.000000000,308
10,Concert Hall,40.7403711,-73.98353954,7/28/2012 17:51:30,12 days 09:02:27.000000000,314
10,Indian Restaurant,40.742205,-73.98295999999998,7/28/2012 18:41:02,0 days 00:49:32.000000000,314
10,Food & Drink Shop,40.77823534,-73.95152401,7/28/2012 20:36:50,0 days 01:55:48.000000000,314
10,Salon / Barbershop,40.78049269,-73.95404935,8/18/2012 11:34:47,0 days 08:24:01.000000000,316
10,American Restaurant,40.771986,-73.947569,8/18/2012 12:46:33,0 days 01:11:46.000000000,316
10,Home (private),40.78549052,-73.95361626,8/18/2012 14:32:39,0 days 01:46:06.000000000,316
10,Sporting Goods Shop,40.72463254,-73.99553239,8/18/2012 15:54:03,0 days 01:21:24.000000000,316
11,Hotel,40.71532523,-74.00952456,5/29/2012 18:30:10,0 days 05:11:59.000000000,322
11,Gym / Fitness Center,40.77424773,-73.9816284,5/29/2012 20:30:16,0 days 02:00:06.000000000,322
11,Spa / Massage,40.73303953,-73.99974042,5/29/2012 21:40:13,0 days 01:09:57.000000000,322
11,Spa / Massage,40.73303953,-73.99974042,6/3/2012 21:40:09,0 days 03:06:42.000000000,324
11,Hotel,40.71532523,-74.00952456,6/3/2012 23:00:23,0 days 01:20:14.000000000,324
11,Park,40.75372797,-73.98368836,7/9/2012 6:04:57,0 days 05:46:09.000000000,327
11,Hotel,40.71532523,-74.00952456,7/9/2012 7:19:37,0 days 01:14:40.000000000,327
11,University,40.72898243,-73.99583817,1/14/2013 9:00:17,1 days 12:30:09.000000000,340
11,Fast Food Restaurant,40.75363804,-73.99246368,1/14/2013 12:00:14,0 days 02:59:57.000000000,340
11,College Academic Building,40.72941622,-73.99291131,1/14/2013 13:00:13,0 days 00:59:59.000000000,340
11,University,40.72898243,-73.99583817,1/14/2013 14:45:04,0 days 01:44:51.000000000,340
12,Bus Station,40.70780845,-73.80318405,4/17/2012 17:40:29,0 days 10:14:33.000000000,352
12,Food & Drink Shop,40.75778225,-73.82794674,4/17/2012 18:14:25,0 days 00:33:56.000000000,352
12,Miscellaneous Shop,40.76198471,-73.83173755,4/17/2012 18:49:56,0 days 00:35:31.000000000,352
12,Bus Station,40.70759791,-73.80280492,4/19/2012 18:16:41,0 days 23:38:29.000000000,354
12,Food & Drink Shop,40.764016,-73.82947598,4/19/2012 19:19:27,0 days 01:02:46.000000000,354
12,Subway,40.69308534,-73.92848253,4/20/2012 17:36:57,0 days 10:29:17.000000000,355
12,Italian Restaurant,40.71732496,-73.99836888,4/20/2012 20:22:28,0 days 02:45:31.000000000,355
12,General Travel,40.7141721,-73.99654971,4/20/2012 21:58:25,0 days 01:35:57.000000000,355
12,Neighborhood,40.75951305,-73.83147240000002,4/20/2012 22:40:25,0 days 00:42:00.000000000,355
12,Coffee Shop,40.75811474,-73.82963978,4/28/2012 6:44:14,0 days 12:21:16.000000000,360
12,Bus Station,40.70759791,-73.80280492,4/28/2012 7:28:06,0 days 00:43:52.000000000,360
12,Bus Station,40.70738067,-73.80256939,5/8/2012 17:56:22,0 days 10:56:51.000000000,369
12,Neighborhood,40.7648764,-73.81782532,5/8/2012 18:38:19,0 days 00:41:57.000000000,369
12,Miscellaneous Shop,40.76187648,-73.83145612,5/8/2012 18:47:50,0 days 00:09:31.000000000,369
12,Food & Drink Shop,40.76396261,-73.82912420000002,5/8/2012 19:41:33,0 days 00:53:43.000000000,369
12,Sushi Restaurant,40.764123,-73.828082,5/8/2012 20:13:32,0 days 00:31:59.000000000,369
12,Bus Station,40.70738067,-73.80256939,5/11/2012 7:01:26,0 days 09:02:37.000000000,372
12,Breakfast Spot,40.70647544,-73.80270726,5/11/2012 7:16:15,0 days 00:14:49.000000000,372
12,Drugstore / Pharmacy,40.71792884,-74.0009398,5/11/2012 18:02:37,0 days 10:46:22.000000000,373
12,Thai Restaurant,40.720288,-73.99952352,5/11/2012 18:33:36,0 days 00:30:59.000000000,373
12,Coffee Shop,40.75811474,-73.82963978,5/12/2012 6:53:43,0 days 08:43:20.000000000,374
12,Bus Station,40.70738067,-73.80256939,5/12/2012 7:15:01,0 days 00:21:18.000000000,374
12,Bus Station,40.70738067,-73.80256939,5/17/2012 17:57:55,0 days 11:03:50.000000000,380
12,Food & Drink Shop,40.76396261,-73.82912420000002,5/17/2012 19:28:36,0 days 01:30:41.000000000,380
12,Bus Station,40.7090706,-73.80420081,5/21/2012 18:10:27,0 days 11:06:37.000000000,384
12,Neighborhood,40.7648764,-73.81782532,5/21/2012 18:38:37,0 days 00:28:10.000000000,384
12,Food & Drink Shop,40.60488637,-73.97821929999998,5/28/2012 19:00:41,0 days 04:07:07.000000000,390
12,Asian Restaurant,40.5995839,-73.98979509,5/28/2012 20:56:56,0 days 01:56:15.000000000,390
12,Bus Station,40.70930188,-73.80421804,6/12/2012 6:45:28,0 days 11:46:20.000000000,400
12,Breakfast Spot,40.70647544,-73.80270726,6/12/2012 7:01:00,0 days 00:15:32.000000000,400
12,Thrift / Vintage Store,40.63612878,-74.02588964,6/30/2012 15:28:38,3 days 08:38:14.000000000,404
12,Coffee Shop,40.61919611,-73.99012221,6/30/2012 15:44:43,0 days 00:16:05.000000000,404
12,Diner,40.60570192,-73.98525554,7/15/2012 11:10:34,1 days 16:17:52.000000000,405
12,Department Store,40.78292986,-73.83085012,7/15/2012 13:54:24,0 days 02:43:50.000000000,405
12,Diner,40.60570192,-73.98525554,10/27/2012 12:17:31,0 days 14:59:11.000000000,410
12,Salon / Barbershop,40.60037279,-73.99109783,10/27/2012 13:40:18,0 days 01:22:47.000000000,410
12,Other Great Outdoors,40.7576439,-73.98590326,11/23/2012 5:56:16,0 days 11:18:00.000000000,417
12,Paper / Office Supplies Store,40.59884472,-73.98531867,11/23/2012 8:39:55,0 days 02:43:39.000000000,417
13,College Academic Building,40.91118966,-73.90711069,10/27/2012 10:02:23,0 days 11:01:16.000000000,424
13,College Academic Building,40.91118966,-73.90711069,10/27/2012 10:59:02,0 days 00:56:39.000000000,424
13,College Academic Building,40.91118966,-73.90711069,10/27/2012 12:50:07,0 days 01:51:05.000000000,424
13,College Academic Building,40.91163004,-73.90776816,10/27/2012 13:20:53,0 days 00:30:46.000000000,424
13,Student Center,40.91124844,-73.90751034,10/27/2012 13:22:17,0 days 00:01:24.000000000,424
13,College Academic Building,40.911961,-73.906654,11/7/2012 11:26:23,0 days 03:02:08.000000000,429
13,College Academic Building,40.91183,-73.906612,11/7/2012 11:27:35,0 days 00:01:12.000000000,429
13,College Academic Building,40.911961,-73.906654,11/7/2012 12:36:40,0 days 01:09:05.000000000,429
13,College Academic Building,40.91163004,-73.90776816,11/7/2012 12:59:31,0 days 00:22:51.000000000,429
13,College Academic Building,40.91159986,-73.90760166,11/7/2012 12:59:34,0 days 00:00:03.000000000,429
13,College Academic Building,40.91123425,-73.9082855,11/7/2012 13:17:33,0 days 00:17:59.000000000,429
13,College Academic Building,40.9135961,-73.90890495,11/16/2012 12:33:07,0 days 11:19:37.000000000,435
13,College Academic Building,40.91118966,-73.90711069,11/16/2012 14:50:02,0 days 02:16:55.000000000,435
13,College Academic Building,40.911961,-73.906654,11/16/2012 14:50:38,0 days 00:00:36.000000000,435
13,College Academic Building,40.91118966,-73.90711069,11/18/2012 8:49:35,0 days 15:37:20.000000000,437
13,College Academic Building,40.91163004,-73.90776816,11/18/2012 9:25:37,0 days 00:36:02.000000000,437
13,Other Nightlife,40.91160396,-73.90771074,11/18/2012 9:27:12,0 days 00:01:35.000000000,437
13,College Academic Building,40.91163004,-73.90776816,11/18/2012 9:34:22,0 days 00:07:10.000000000,437
13,College Academic Building,40.91159986,-73.90760166,11/18/2012 9:34:59,0 days 00:00:37.000000000,437
13,College Academic Building,40.91118966,-73.90711069,11/18/2012 10:11:48,0 days 00:36:49.000000000,437
13,College Academic Building,40.91183,-73.906612,11/19/2012 11:56:15,1 days 01:44:27.000000000,438
13,Neighborhood,40.90105787,-73.90605927,11/19/2012 12:22:48,0 days 00:26:33.000000000,438
13,College Academic Building,40.91118966,-73.90711069,11/19/2012 14:24:35,0 days 02:01:47.000000000,438
13,College Academic Building,40.911298,-73.907193,11/19/2012 14:25:50,0 days 00:01:15.000000000,438
13,Athletic & Sport,40.91334888,-73.90638448,12/7/2012 22:44:52,0 days 05:05:51.000000000,445
13,College Academic Building,40.91118966,-73.90711069,12/7/2012 22:45:28,0 days 00:00:36.000000000,445
13,College Academic Building,40.91159429,-73.90754424,12/7/2012 22:45:44,0 days 00:00:16.000000000,445
13,Garden,40.92048489,-73.8888073,12/7/2012 23:02:06,0 days 00:16:22.000000000,445
13,College Academic Building,40.91159986,-73.90760166,12/9/2012 20:39:16,1 days 06:02:51.000000000,448
13,College Academic Building,40.91163004,-73.90776816,12/9/2012 20:39:51,0 days 00:00:35.000000000,448
13,College Academic Building,40.91123778,-73.90816431,12/9/2012 21:20:51,0 days 00:41:00.000000000,448
13,College Academic Building,40.91183,-73.906612,12/9/2012 21:21:07,0 days 00:00:16.000000000,448
13,College Academic Building,40.91183,-73.906612,12/9/2012 21:21:56,0 days 00:00:49.000000000,448
13,College Academic Building,40.91163004,-73.90776816,12/12/2012 12:51:19,0 days 13:40:37.000000000,454
13,Home (private),40.911136,-73.907403,12/12/2012 13:15:21,0 days 00:24:02.000000000,454
13,College Academic Building,40.9135961,-73.90890495,12/14/2012 13:12:08,0 days 04:44:30.000000000,458
13,College Academic Building,40.91183,-73.906612,12/14/2012 15:20:40,0 days 02:08:32.000000000,458
13,College Academic Building,40.91118966,-73.90711069,12/17/2012 12:02:10,0 days 10:34:31.000000000,463
13,Residential Building (Apartment / Condo),40.911287,-73.907189,12/17/2012 12:03:21,0 days 00:01:11.000000000,463
14,Salon / Barbershop,40.73991469,-73.98923268,4/6/2012 11:45:10,1 days 04:36:24.000000000,475
14,Tea Room,40.74095989,-73.98918103,4/6/2012 12:22:28,0 days 00:37:18.000000000,475
14,Park,40.74218831,-73.98792419,4/6/2012 12:23:22,0 days 00:00:54.000000000,475
14,Food & Drink Shop,40.73652697,-73.99055958,4/7/2012 12:00:15,0 days 03:14:07.000000000,476
14,Food & Drink Shop,40.73431844,-73.98867026,4/7/2012 12:02:00,0 days 00:01:45.000000000,476
14,Park,40.74218831,-73.98792419,4/21/2012 8:32:44,1 days 01:25:44.000000000,479
14,Food & Drink Shop,40.73652697,-73.99055958,4/21/2012 10:58:34,0 days 02:25:50.000000000,479
14,Park,40.74218831,-73.98792419,5/11/2012 17:28:18,0 days 03:22:06.000000000,481
14,Food & Drink Shop,40.74186151,-73.98943363,5/11/2012 18:16:29,0 days 00:48:11.000000000,481
14,Park,40.74218831,-73.98792419,5/14/2012 7:26:16,0 days 12:53:14.000000000,483
14,Park,40.74218831,-73.98792419,5/14/2012 8:51:24,0 days 01:25:08.000000000,483
14,Italian Restaurant,40.75672504,-73.98452667,5/16/2012 19:46:35,0 days 06:08:13.000000000,485
14,Theater,40.75669321,-73.98386093,5/16/2012 19:52:12,0 days 00:05:37.000000000,485
14,Park,40.74218831,-73.98792419,7/2/2012 8:31:03,1 days 17:00:53.000000000,499
14,Coffee Shop,40.74190438,-73.98906827,7/2/2012 9:07:12,0 days 00:36:09.000000000,499
14,Furniture / Home Store,40.74040988,-73.98941058,7/2/2012 10:28:22,0 days 01:21:10.000000000,499
14,Park,40.74218831,-73.98792419,7/2/2012 10:29:51,0 days 00:01:29.000000000,499
14,Coffee Shop,40.74190438,-73.98906827,7/12/2012 15:21:58,0 days 05:21:30.000000000,505
14,Market,40.74186151,-73.98943363,7/12/2012 16:08:31,0 days 00:46:33.000000000,505
14,Park,40.74218831,-73.98792419,7/12/2012 16:08:52,0 days 00:00:21.000000000,505
14,Italian Restaurant,40.73816,-73.98898461,7/28/2012 19:56:21,0 days 07:05:29.000000000,508
14,Tea Room,40.74095989,-73.98918103,7/28/2012 20:23:22,0 days 00:27:01.000000000,508
14,Park,40.74218831,-73.98792419,11/9/2012 6:07:30,0 days 23:36:05.000000000,517
14,Coffee Shop,40.74118666,-73.9890892,11/9/2012 6:08:37,0 days 00:01:07.000000000,517
15,Hotel,40.71933912,-74.00487185,4/4/2012 19:33:21,0 days 22:19:17.000000000,525
15,Italian Restaurant,40.72443788,-74.00274171,4/4/2012 19:48:15,0 days 00:14:54.000000000,525
15,Burger Joint,40.785714,-73.97277653,4/15/2012 11:49:20,0 days 15:14:00.000000000,534
15,Convention Center,40.75671096,-74.00100198,4/15/2012 14:04:00,0 days 02:14:40.000000000,534
15,General Entertainment,40.75678244,-74.00150299,4/15/2012 14:05:37,0 days 00:01:37.000000000,534
15,Wings Joint,40.75668776,-73.99395004,4/15/2012 16:16:56,0 days 02:11:19.000000000,534
15,Italian Restaurant,40.72628915,-74.00039463,5/10/2012 19:17:06,0 days 22:22:38.000000000,549
15,Bar,40.73255846,-73.98535884,5/10/2012 21:51:54,0 days 02:34:48.000000000,549
15,Bar,40.71581961,-74.00887039,5/10/2012 23:41:15,0 days 01:49:21.000000000,549
15,Home (private),40.76253868,-74.00063278,5/11/2012 17:09:56,0 days 07:19:53.000000000,551
15,Italian Restaurant,40.72628915,-74.00039463,5/11/2012 18:05:51,0 days 00:55:55.000000000,551
15,Building,40.76080271,-73.99910343,5/19/2012 9:32:55,0 days 08:27:05.000000000,555
15,American Restaurant,40.76127776,-73.99782945,5/19/2012 10:16:56,0 days 00:44:01.000000000,555
15,Bar,40.722262,-73.98332129,8/10/2012 21:08:46,1 days 07:06:48.000000000,559
15,Taco Place,40.72144922,-73.99761379,8/10/2012 23:18:26,0 days 02:09:40.000000000,559
15,Laundry Service,40.79419657,-73.97272825,8/18/2012 9:25:36,1 days 13:03:40.000000000,560
15,Residential Building (Apartment / Condo),40.76080271,-73.99910343,8/18/2012 9:35:34,0 days 00:09:58.000000000,560
15,Harbor / Marina,40.78588689,-73.98494563,9/5/2012 8:10:56,16 days 20:00:48.000000000,561
15,Scenic Lookout,40.74961287,-74.00904828,9/5/2012 8:33:27,0 days 00:22:31.000000000,561
15,Hotel,40.72206051,-73.98854399999998,11/23/2012 21:59:14,0 days 06:10:56.000000000,566
15,Hotel,40.72210849,-73.98879651,11/23/2012 22:03:16,0 days 00:04:02.000000000,566
15,Laundry Service,40.79419657,-73.97272825,12/10/2012 11:09:50,0 days 21:58:50.000000000,570
15,Chinese Restaurant,40.7751419,-73.98249502,12/10/2012 13:50:37,0 days 02:40:47.000000000,570
16,Italian Restaurant,40.83110383,-73.982621,5/10/2012 21:26:35,1 days 02:14:47.000000000,583
16,Home (private),40.82998414,-73.98887973,5/10/2012 23:07:51,0 days 01:41:16.000000000,583
16,Seafood Restaurant,40.8541298,-74.03318232,5/21/2012 12:50:57,1 days 20:16:05.000000000,587
16,Japanese Restaurant,40.852682,-73.97168602,5/21/2012 15:10:13,0 days 02:19:16.000000000,587
16,Salon / Barbershop,40.94036483,-73.99718399999998,6/1/2012 12:32:11,1 days 02:25:38.000000000,590
16,Coffee Shop,40.86384194,-73.97511005,6/1/2012 15:01:13,0 days 02:29:02.000000000,590
17,Comedy Club,40.76448813,-73.98555971,4/7/2012 17:58:49,3 days 16:57:13.000000000,593
17,Bar,40.76521769,-73.98416519,4/7/2012 20:44:09,0 days 02:45:20.000000000,593
17,Indian Restaurant,40.71538139,-74.01134361,4/7/2012 21:24:39,0 days 00:40:30.000000000,593
17,Train Station,40.71267093,-74.01193142,4/7/2012 22:49:41,0 days 01:25:02.000000000,593
17,Train Station,40.71948549,-74.04270172,4/24/2012 18:27:45,0 days 04:25:58.000000000,597
17,Bookstore,40.84679179999999,-73.93814916,4/24/2012 19:39:30,0 days 01:11:45.000000000,597
17,High School,40.91983291,-74.13420666,5/7/2012 13:43:29,1 days 23:21:31.000000000,599
17,Coffee Shop,40.71925781,-74.04154301,5/7/2012 16:42:25,0 days 02:58:56.000000000,599
17,Comedy Club,40.72645,-73.98996322,5/29/2012 17:45:45,7 days 22:30:25.000000000,606
17,Bar,40.73025075,-73.98592472,5/29/2012 20:09:46,0 days 02:24:01.000000000,606
17,Food & Drink Shop,40.72410697,-73.9848538,5/29/2012 22:41:47,0 days 02:32:01.000000000,606
17,Comedy Club,40.72382097,-73.98535073,5/29/2012 22:50:03,0 days 00:08:16.000000000,606
17,General Entertainment,40.87828304,-74.15898085,7/17/2012 19:08:17,3 days 15:46:20.000000000,612
17,Italian Restaurant,40.79270816,-74.27011767,7/17/2012 20:52:31,0 days 01:44:14.000000000,612
18,Bar,40.685782,-73.991036,4/19/2012 18:46:12,2 days 01:41:39.000000000,621
18,Theater,40.6867074,-73.97777081,4/19/2012 19:49:29,0 days 01:03:17.000000000,621
18,Bagel Shop,40.72624727,-73.78948886,6/3/2012 13:35:28,0 days 16:07:45.000000000,627
18,Athletic & Sport,40.76432384,-73.74890327,6/3/2012 13:57:16,0 days 00:21:48.000000000,627
18,Event Space,40.75773304,-74.00070451,6/7/2012 8:29:51,0 days 19:17:37.000000000,630
18,Event Space,40.75814397,-74.00020525,6/7/2012 8:54:19,0 days 00:24:28.000000000,630
19,Post Office,40.753169,-74.02525068,4/13/2012 9:38:55,0 days 10:59:31.000000000,643
19,Parking,40.75346656,-74.02540684,4/13/2012 9:39:11,0 days 00:00:16.000000000,643
19,Food & Drink Shop,40.75553088,-73.98596764,4/13/2012 9:40:31,0 days 00:01:20.000000000,643
19,Residential Building (Apartment / Condo),40.77529000000001,-74.02013000000002,4/14/2012 10:45:14,0 days 16:16:40.000000000,646
19,Hardware Store,40.77655493,-74.01894671,4/14/2012 10:45:32,0 days 00:00:18.000000000,646
19,Office,40.7704213,-74.02323309999998,4/14/2012 11:27:15,0 days 00:41:43.000000000,646
19,Office,40.77037447,-74.02654,4/14/2012 13:54:43,0 days 02:27:28.000000000,646
19,Parking,40.75346656,-74.02540684,4/14/2012 14:18:50,0 days 00:24:07.000000000,646
19,General Entertainment,40.75678244,-74.00150299,4/14/2012 14:19:27,0 days 00:00:37.000000000,646
19,Home (private),40.74610688,-74.02413672,4/14/2012 14:20:14,0 days 00:00:47.000000000,646
19,Post Office,40.753169,-74.02525068,4/18/2012 18:31:25,1 days 04:30:02.000000000,650
19,Residential Building (Apartment / Condo),40.75267704,-74.02372646,4/18/2012 18:31:44,0 days 00:00:19.000000000,650
19,Residential Building (Apartment / Condo),40.75276192,-74.02494289,4/18/2012 18:31:55,0 days 00:00:11.000000000,650
19,Laundry Service,40.75278386,-74.02549267,4/18/2012 18:35:36,0 days 00:03:41.000000000,650
19,General Entertainment,40.75286632,-73.98876782,4/22/2012 9:07:22,0 days 20:06:30.000000000,654
19,Caf,40.75288139,-74.02343273,4/22/2012 10:27:53,0 days 01:20:31.000000000,654
19,Residential Building (Apartment / Condo),40.75639414,-74.04318277,4/22/2012 11:36:48,0 days 01:08:55.000000000,654
19,Cuban Restaurant,40.73768631,-74.03076102,4/28/2012 10:46:15,0 days 14:20:57.000000000,659
19,Plaza,40.80667094,-73.98892851,4/28/2012 13:01:13,0 days 02:14:58.000000000,659
19,Electronics Store,40.806661,-73.98907,4/28/2012 13:30:54,0 days 00:29:41.000000000,659
19,Clothing Store,40.80668,-73.98912675,4/28/2012 13:34:03,0 days 00:03:09.000000000,659
19,Other Great Outdoors,40.76867279,-74.02414532,5/4/2012 17:59:03,0 days 03:24:27.000000000,665
19,Office,40.77037447,-74.02654,5/4/2012 18:21:35,0 days 00:22:32.000000000,665
19,Outdoors & Recreation,40.77163735,-74.02936675,5/4/2012 18:40:26,0 days 00:18:51.000000000,665
19,Art Museum,40.76139684,-73.97698575,5/4/2012 18:44:13,0 days 00:03:47.000000000,665
19,Other Great Outdoors,40.76867279,-74.02414532,5/4/2012 18:45:03,0 days 00:00:50.000000000,665
19,Light Rail,40.76518,-74.02026,5/4/2012 19:06:21,0 days 00:21:18.000000000,665
19,American Restaurant,40.76125212,-74.01911974,5/4/2012 19:09:48,0 days 00:03:27.000000000,665
19,Outdoors & Recreation,40.77163735,-74.02936675,5/11/2012 19:18:57,0 days 23:59:42.000000000,670
19,Coffee Shop,40.77002136,-74.02777739,5/11/2012 19:19:17,0 days 00:00:20.000000000,670
19,Office,40.77037447,-74.02654,5/11/2012 19:19:30,0 days 00:00:13.000000000,670
19,Home (private),40.74610688,-74.02413672,5/11/2012 21:26:15,0 days 02:06:45.000000000,670
19,Residential Building (Apartment / Condo),40.75270709,-74.02500601,5/11/2012 21:27:04,0 days 00:00:49.000000000,670
19,American Restaurant,40.75310917,-74.0261708,5/11/2012 21:35:38,0 days 00:08:34.000000000,670
19,Office,40.77037447,-74.02654,5/12/2012 10:27:26,0 days 12:51:48.000000000,671
19,Home (private),40.75598879,-74.02413672,5/12/2012 10:27:40,0 days 00:00:14.000000000,671
19,Hardware Store,40.77023608,-74.02928642,5/12/2012 11:25:17,0 days 00:57:37.000000000,671
19,Drugstore / Pharmacy,40.75863212,-74.04358438,5/18/2012 10:33:39,1 days 19:56:28.000000000,676
19,Salon / Barbershop,40.75989805,-74.04221889,5/18/2012 10:33:51,0 days 00:00:12.000000000,676
19,Thrift / Vintage Store,40.759972,-74.04394,5/18/2012 10:35:08,0 days 00:01:17.000000000,676
19,Park,40.76648608,-74.03041676,5/19/2012 11:04:46,1 days 00:29:38.000000000,677
19,City,40.76867279,-74.02414532,5/19/2012 11:05:03,0 days 00:00:17.000000000,677
19,Mexican Restaurant,40.75330944,-74.02648064,6/2/2012 19:51:06,2 days 09:22:07.000000000,682
19,Mexican Restaurant,40.75330944,-74.02648064,6/2/2012 19:53:32,0 days 00:02:26.000000000,682
19,Drugstore / Pharmacy,40.77009747,-74.02399614,6/8/2012 11:13:17,0 days 15:21:05.000000000,684
19,Office,40.77037447,-74.02654,6/8/2012 11:13:48,0 days 00:00:31.000000000,684
19,Paper / Office Supplies Store,40.73067352,-74.03514862,6/20/2012 17:13:11,2 days 06:36:38.000000000,694
19,Department Store,40.73215319,-74.03588891,6/20/2012 17:13:37,0 days 00:00:26.000000000,694
19,Other Great Outdoors,40.74673676,-73.98262024,6/20/2012 18:49:20,0 days 01:35:43.000000000,694
19,Residential Building (Apartment / Condo),40.74962857,-74.02468469,6/20/2012 18:50:08,0 days 00:00:48.000000000,694
19,Park,40.73228891,-74.01051196,7/6/2012 20:35:43,2 days 02:56:23.000000000,699
19,Harbor / Marina,40.74862247,-74.02420521,7/6/2012 21:09:29,0 days 00:33:46.000000000,699
19,Harbor / Marina,40.751994,-74.02212800000002,7/6/2012 21:10:53,0 days 00:01:24.000000000,699
19,Bar,40.75301246,-74.02556258,7/6/2012 21:11:26,0 days 00:00:33.000000000,699
19,Home (private),40.74610688,-74.02413672,7/11/2012 10:42:39,1 days 20:00:30.000000000,704
19,Gym / Fitness Center,40.75438443,-74.03290692,7/11/2012 13:18:19,0 days 02:35:40.000000000,704
19,Bank,40.80218865,-74.12387842,11/17/2012 13:03:27,0 days 15:20:02.000000000,719
19,City,40.76765599,-74.02358875,11/17/2012 13:33:26,0 days 00:29:59.000000000,719
19,Office,40.77037447,-74.02654,11/27/2012 10:45:41,1 days 20:50:21.000000000,721
19,City,40.74330658,-74.03240204,11/27/2012 13:08:04,0 days 02:22:23.000000000,721
19,Plaza,40.7308849,-74.06433105,12/5/2012 14:59:41,0 days 07:14:45.000000000,722
19,Plaza,40.80015591,-74.02210835,12/5/2012 17:29:48,0 days 02:30:07.000000000,722
19,Department Store,40.80179056,-74.02150154,12/5/2012 17:29:56,0 days 00:00:08.000000000,722
19,City,40.80895895,-74.11960015,1/25/2013 12:35:58,7 days 20:45:44.000000000,732
19,Bank,40.80218865,-74.12387842,1/25/2013 12:36:07,0 days 00:00:09.000000000,732
19,Bar,40.75041945,-74.02462731,2/2/2013 19:37:11,0 days 09:27:23.000000000,734
19,American Restaurant,40.76125212,-74.01911974,2/2/2013 20:09:00,0 days 00:31:49.000000000,734
20,Bar,40.713517,-73.961712,4/11/2012 0:08:59,2 days 09:57:04.000000000,738
20,Burger Joint,40.71360004,-73.96191895,4/11/2012 2:05:00,0 days 01:56:01.000000000,738
20,BBQ Joint,40.772301,-73.955844,4/13/2012 19:05:25,0 days 21:29:40.000000000,739
20,Coffee Shop,40.77105732,-73.95674168,4/13/2012 20:30:51,0 days 01:25:26.000000000,739
20,Park,40.663418,-73.97707103,6/8/2012 18:15:03,0 days 06:24:33.000000000,751
20,Bookstore,40.66877348,-73.97999847,6/8/2012 18:57:25,0 days 00:42:22.000000000,751
20,Bar,40.77138107,-73.95646042,6/8/2012 21:54:41,0 days 02:57:16.000000000,751
20,Residential Building (Apartment / Condo),40.614733,-73.977274,6/13/2012 7:08:33,0 days 23:55:10.000000000,755
20,Coffee Shop,40.64711406,-73.88337152,6/13/2012 7:47:20,0 days 00:38:47.000000000,755
20,Coffee Shop,40.64711406,-73.88337152,7/6/2012 14:57:00,0 days 07:33:47.000000000,762
20,Government Building,40.59956579,-73.90861214,7/6/2012 15:24:47,0 days 00:27:47.000000000,762
20,Home (private),40.58119781,-74.11812338,7/6/2012 17:53:06,0 days 02:28:19.000000000,762
20,School,40.6152476,-73.97707717,7/9/2012 15:41:24,0 days 08:14:38.000000000,767
20,Residential Building (Apartment / Condo),40.614733,-73.977274,7/9/2012 17:07:14,0 days 01:25:50.000000000,767
20,Drugstore / Pharmacy,40.61668771,-73.97805859999998,7/9/2012 17:58:40,0 days 00:51:26.000000000,767
20,Burger Joint,40.74116059,-73.9881134,8/16/2012 11:28:53,2 days 16:02:51.000000000,780
20,Coffee Shop,40.74370844,-73.98708055,8/16/2012 12:35:23,0 days 01:06:30.000000000,780
20,Movie Theater,40.73119791,-74.00157273,8/18/2012 0:07:47,1 days 01:59:31.000000000,781
20,Bar,40.735734,-74.00059,8/18/2012 2:48:34,0 days 02:40:47.000000000,781
20,Bar,40.76137639,-73.90938722,8/19/2012 12:01:36,0 days 13:36:06.000000000,782
20,Park,40.62386194,-73.9847505,8/19/2012 14:52:24,0 days 02:50:48.000000000,782
21,Clothing Store,40.72180301,-73.999814,5/17/2012 18:44:48,0 days 23:12:15.000000000,785
21,Clothing Store,40.721725,-73.999957,5/17/2012 18:51:06,0 days 00:06:18.000000000,785
21,Airport,40.68968494,-74.17938709,5/28/2012 18:22:47,6 days 22:53:47.000000000,786
21,Sushi Restaurant,40.75915433,-73.962321,5/28/2012 20:35:15,0 days 02:12:28.000000000,786
22,Indian Restaurant,40.72656,-73.989137,12/5/2012 21:16:23,54 days 14:28:26.000000000,795
22,Indian Restaurant,40.72612736,-73.98620822,12/5/2012 21:17:34,0 days 00:01:11.000000000,795
22,Indian Restaurant,40.742205,-73.98295999999998,12/5/2012 21:18:13,0 days 00:00:39.000000000,795
22,Indian Restaurant,40.72613828,-73.98610492,12/5/2012 21:19:07,0 days 00:00:54.000000000,795
22,Indian Restaurant,40.72700481,-73.98757985,12/5/2012 21:25:35,0 days 00:06:28.000000000,795
22,Indian Restaurant,40.75402235,-73.96659689,12/5/2012 21:26:30,0 days 00:00:55.000000000,795
22,Indian Restaurant,40.775735,-73.95336,12/5/2012 23:56:24,0 days 02:29:54.000000000,795
22,Government Building,40.7790404,-73.96679777,12/17/2012 21:13:19,0 days 03:27:03.000000000,802
22,Government Building,40.70536767,-74.01347637,12/17/2012 21:13:28,0 days 00:00:09.000000000,802
22,Government Building,40.76592,-73.9762395,12/17/2012 21:13:32,0 days 00:00:04.000000000,802
22,Park,40.67838759,-74.01795975,1/5/2013 8:43:25,14 days 10:29:07.000000000,805
22,Food & Drink Shop,40.73652697,-73.99055958,1/5/2013 8:43:46,0 days 00:00:21.000000000,805
22,Food & Drink Shop,40.67245203,-73.970037,1/5/2013 8:44:30,0 days 00:00:44.000000000,805
22,Government Building,40.7131015,-74.00426816,1/5/2013 8:45:19,0 days 00:00:49.000000000,805
23,Bus Station,40.74542115,-73.978512,4/25/2012 17:41:30,0 days 07:57:51.000000000,819
23,Shop & Service,40.81048224,-73.94340163,4/25/2012 19:11:39,0 days 01:30:09.000000000,819
23,Gym / Fitness Center,40.80845052,-73.94511798,5/17/2012 18:01:38,2 days 18:23:16.000000000,824
23,Park,40.80459309,-73.94357958,5/17/2012 19:04:07,0 days 01:02:29.000000000,824
23,Bookstore,40.73600669,-73.99407864,5/18/2012 17:36:59,0 days 07:48:33.000000000,825
23,Bar,40.76500642,-73.98313522,5/18/2012 19:47:20,0 days 02:10:21.000000000,825
23,Building,40.70840115,-74.00800963,6/6/2012 9:18:29,0 days 23:24:14.000000000,830
23,General Travel,40.73683207,-73.95580033,6/6/2012 9:18:47,0 days 00:00:18.000000000,830
23,American Restaurant,40.707677,-74.0081495,6/6/2012 9:38:00,0 days 00:19:13.000000000,830
23,Miscellaneous Shop,40.70920739,-74.00894699999998,6/6/2012 11:32:28,0 days 01:54:28.000000000,830
23,Train Station,40.7507948,-73.99357639,6/10/2012 17:18:40,1 days 16:28:29.000000000,835
23,Mexican Restaurant,40.75507535,-73.99502894,6/10/2012 17:50:01,0 days 00:31:21.000000000,835
23,School,40.81407898,-73.94262094,6/26/2012 11:58:41,5 days 03:00:54.000000000,839
23,Gym / Fitness Center,40.80845052,-73.94511798,6/26/2012 12:49:28,0 days 00:50:47.000000000,839
23,Other Great Outdoors,40.67058753,-74.17773841,7/13/2012 7:26:09,0 days 07:21:33.000000000,847
23,Deli / Bodega,40.74823508,-73.93967038,7/13/2012 8:24:11,0 days 00:58:02.000000000,847
23,Bus Station,40.75008007,-73.93889542,7/13/2012 9:21:35,0 days 00:57:24.000000000,847
23,Building,40.78800296,-73.88452113,7/13/2012 9:45:44,0 days 00:24:09.000000000,847
23,Deli / Bodega,40.70342138,-73.98665587,9/14/2012 8:48:00,24 days 22:41:36.000000000,853
23,Office,40.70365925,-73.98676491,9/14/2012 9:12:24,0 days 00:24:24.000000000,853
23,Other Great Outdoors,40.75392454,-73.94097919,2/4/2013 7:26:43,1 days 14:27:09.000000000,858
23,Other Great Outdoors,40.74966059,-73.95090408,2/4/2013 7:57:37,0 days 00:30:54.000000000,858
23,Office,40.70365925,-73.98676491,2/4/2013 9:42:25,0 days 01:44:48.000000000,858
23,Home (private),40.81343117,-73.94186034,2/6/2013 22:43:35,0 days 03:01:50.000000000,861
23,Home (private),40.81343117,-73.94186034,2/6/2013 23:51:48,0 days 01:08:13.000000000,861
24,Park,40.79917955,-73.97347285,4/12/2012 7:25:22,1 days 00:04:24.000000000,865
24,Office,40.76985338,-73.99028599,4/12/2012 8:14:57,0 days 00:49:35.000000000,865
24,Park,40.79917955,-73.97347285,4/23/2012 7:24:17,0 days 21:14:16.000000000,871
24,Office,40.76985338,-73.99028599,4/23/2012 8:16:02,0 days 00:51:45.000000000,871
24,Park,40.79917955,-73.97347285,5/4/2012 7:32:26,0 days 18:18:03.000000000,875
24,Office,40.76985338,-73.99028599,5/4/2012 8:17:47,0 days 00:45:21.000000000,875
24,Park,40.79867386,-73.97318014,5/15/2012 7:29:19,1 days 00:03:36.000000000,878
24,Office,40.76985338,-73.99028599,5/15/2012 8:15:20,0 days 00:46:01.000000000,878
24,Park,40.79867386,-73.97318014,5/17/2012 7:38:12,0 days 23:20:10.000000000,880
24,Office,40.76985338,-73.99028599,5/17/2012 8:15:38,0 days 00:37:26.000000000,880
25,Park,40.77142562,-73.97350073,9/13/2012 8:11:44,3 days 10:06:11.000000000,889
25,Sandwich Place,40.76163643,-73.97206094,9/13/2012 8:12:40,0 days 00:00:56.000000000,889
25,Park,40.77142562,-73.97350073,10/16/2012 8:10:08,3 days 12:27:27.000000000,895
25,Office,40.76138292,-73.97165918,10/16/2012 8:20:26,0 days 00:10:18.000000000,895
25,Paper / Office Supplies Store,40.76082946,-73.97146404,10/25/2012 17:30:19,0 days 03:24:12.000000000,900
25,Park,40.77142562,-73.97350073,10/25/2012 17:40:55,0 days 00:10:36.000000000,900
25,Pizza Place,40.77770362,-73.98217937,10/25/2012 18:40:38,0 days 00:59:43.000000000,900
25,Gym / Fitness Center,40.76459272,-73.96637878,11/1/2012 12:36:46,0 days 04:04:05.000000000,905
25,Sandwich Place,40.75842407,-73.97068977,11/1/2012 14:28:41,0 days 01:51:55.000000000,905
25,Park,40.77585369,-73.97525489,11/12/2012 8:04:04,0 days 15:15:42.000000000,914
25,Other Great Outdoors,40.77210813,-73.97590399,11/12/2012 8:10:51,0 days 00:06:47.000000000,914
25,Park,40.77142562,-73.97350073,11/12/2012 8:11:05,0 days 00:00:14.000000000,914
25,Ice Cream Shop,40.78082031,-73.98017065,11/16/2012 6:44:44,2 days 22:29:43.000000000,916
25,Bagel Shop,40.77792521,-73.97999847,11/16/2012 8:01:16,0 days 01:16:32.000000000,916
25,Gym / Fitness Center,40.75915,-73.978449,11/30/2012 18:09:13,0 days 04:18:40.000000000,925
25,Train Station,40.7507948,-73.99357639,11/30/2012 20:31:42,0 days 02:22:29.000000000,925
25,Donut Shop,40.74989042,-73.99236202,11/30/2012 20:33:08,0 days 00:01:26.000000000,925
25,Food & Drink Shop,40.77856926,-73.97810451,11/30/2012 21:07:03,0 days 00:33:55.000000000,925
25,Gym / Fitness Center,40.781333,-73.97965,12/6/2012 17:32:19,0 days 09:32:07.000000000,931
25,Bank,40.77704082,-73.98232858,12/6/2012 19:22:53,0 days 01:50:34.000000000,931
25,Pizza Place,40.77860212,-73.97763389,12/6/2012 22:12:39,0 days 02:49:46.000000000,931
25,Park,40.77375591,-73.97418453,12/11/2012 8:12:29,0 days 23:54:05.000000000,935
25,Other Great Outdoors,40.77210813,-73.97590399,12/11/2012 8:12:36,0 days 00:00:07.000000000,935
25,Park,40.77585369,-73.97525489,12/17/2012 8:13:26,0 days 16:36:23.000000000,941
25,Park,40.77375591,-73.97418453,12/17/2012 8:15:06,0 days 00:01:40.000000000,941
25,Coffee Shop,40.76342578,-73.97244549,12/17/2012 8:38:32,0 days 00:23:26.000000000,941
25,Park,40.77585369,-73.97525489,12/19/2012 7:59:55,0 days 13:06:48.000000000,944
25,Park,40.77375591,-73.97418453,12/19/2012 8:00:11,0 days 00:00:16.000000000,944
25,Other Great Outdoors,40.77210813,-73.97590399,12/19/2012 8:00:26,0 days 00:00:15.000000000,944
25,Park,40.77142562,-73.97350073,12/19/2012 8:15:00,0 days 00:14:34.000000000,944
25,Coffee Shop,40.76269108,-73.97724362,12/19/2012 8:23:41,0 days 00:08:41.000000000,944
25,Building,40.75270682,-74.00323523,12/28/2012 20:44:35,0 days 03:24:05.000000000,948
25,Pizza Place,40.74991602,-73.99505763,12/28/2012 21:15:18,0 days 00:30:43.000000000,948
25,Road,40.76117086,-74.01128769,1/1/2013 17:20:17,2 days 18:50:43.000000000,950
25,Bus Station,40.7572213,-73.99154663,1/1/2013 17:23:44,0 days 00:03:27.000000000,950
25,Park,40.77585369,-73.97525489,1/9/2013 8:00:21,0 days 12:08:15.000000000,956
25,Park,40.77142562,-73.97350073,1/9/2013 8:14:14,0 days 00:13:53.000000000,956
25,Bar,40.76315839,-73.99294575,1/13/2013 2:45:57,0 days 03:18:33.000000000,961
25,Bar,40.76421263,-73.98701743,1/13/2013 3:44:47,0 days 00:58:50.000000000,961
25,Drugstore / Pharmacy,40.77851247,-73.98194406,1/14/2013 19:05:45,0 days 10:43:11.000000000,964
25,Restaurant,40.7820594,-73.97926958,1/14/2013 19:19:21,0 days 00:13:36.000000000,964
25,Gift Shop,40.75696197,-73.96977662,1/29/2013 12:36:46,1 days 04:23:42.000000000,972
25,Pizza Place,40.7556458,-73.97221,1/29/2013 12:37:13,0 days 00:00:27.000000000,972
25,Caf,40.74475345,-74.00334835,2/2/2013 15:35:18,0 days 12:33:29.000000000,974
25,Arts & Crafts Store,40.74184917,-74.00125542,2/2/2013 15:40:44,0 days 00:05:26.000000000,974
26,Hot Dog Joint,40.9490799,-74.13823128,5/6/2012 19:06:08,1 days 22:13:13.000000000,989
26,Gas Station / Garage,40.91399904,-74.10849094,5/6/2012 20:33:53,0 days 01:27:45.000000000,989
26,Bridge,40.85121557,-73.95206451,5/13/2012 11:53:29,0 days 17:57:51.000000000,994
26,Bridge,40.79981702,-73.79351377,5/13/2012 12:15:15,0 days 00:21:46.000000000,994
26,Performing Arts Venue,40.87300251,-74.10425262,5/16/2012 18:33:25,0 days 05:17:21.000000000,995
26,Home (private),40.9156364,-74.1063776,5/16/2012 19:50:22,0 days 01:16:57.000000000,995
26,Road,40.7273726,-74.02115822,5/21/2012 21:35:13,0 days 04:37:21.000000000,997
26,Home (private),40.9156364,-74.1063776,5/21/2012 22:13:28,0 days 00:38:15.000000000,997
26,Mall,40.90579353,-74.03098583,6/12/2012 19:12:32,0 days 10:05:18.000000000,1001
26,Drugstore / Pharmacy,40.923672,-74.10615200000002,6/12/2012 20:34:28,0 days 01:21:56.000000000,1001
27,Home (private),40.88729679,-73.9065883,6/8/2012 22:12:45,1 days 20:02:10.000000000,1015
27,Bar,40.887145,-73.904555,6/9/2012 0:03:02,0 days 01:50:17.000000000,1015
27,Burger Joint,40.74613121,-73.97810340000002,7/7/2012 20:38:42,0 days 18:41:43.000000000,1019
27,Bar,40.745949,-73.97780300000002,7/7/2012 20:40:12,0 days 00:01:30.000000000,1019
27,Home (private),40.88729679,-73.9065883,7/12/2012 16:38:10,0 days 15:18:16.000000000,1021
27,Bar,40.74536761,-73.97914332,7/12/2012 18:52:57,0 days 02:14:47.000000000,1021
27,Residential Building (Apartment / Condo),40.74352534,-73.97260045,7/12/2012 22:52:52,0 days 03:59:55.000000000,1022
27,Bar,40.74729999,-73.97417879999998,7/12/2012 23:10:32,0 days 00:17:40.000000000,1022
27,Park,40.77585369,-73.97525489,10/27/2012 20:36:24,0 days 06:49:12.000000000,1030
27,Burger Joint,40.74116059,-73.9881134,10/27/2012 20:37:34,0 days 00:01:10.000000000,1030
27,Bar,40.887145,-73.904555,11/11/2012 2:37:59,3 days 18:57:32.000000000,1032
27,Deli / Bodega,40.88726163,-73.904543,11/11/2012 4:06:37,0 days 01:28:38.000000000,1032
28,BBQ Joint,40.8400803,-73.94047737,7/4/2012 23:01:34,14 days 04:30:23.000000000,1049
28,Neighborhood,40.84894322,-73.93697977,7/4/2012 23:02:24,0 days 00:00:50.000000000,1049
28,Clothing Store,40.74995545,-73.9875555,10/18/2012 12:15:28,1 days 21:03:48.000000000,1051
28,College Theater,40.74791396,-73.98902607,10/18/2012 14:02:00,0 days 01:46:32.000000000,1051
28,Park,40.74866718,-73.98837626,10/18/2012 14:10:49,0 days 00:08:49.000000000,1051
28,Subway,40.74970348,-73.987813,10/18/2012 14:11:20,0 days 00:00:31.000000000,1051
28,College Theater,40.74791396,-73.98902607,11/9/2012 13:36:50,2 days 00:32:09.000000000,1053
28,Train Station,40.7507948,-73.99357639,11/9/2012 15:34:27,0 days 01:57:37.000000000,1053
28,Bank,40.81077204,-73.95258019,1/4/2013 18:51:08,0 days 03:05:50.000000000,1057
28,Subway,40.70841147,-73.95790637,1/4/2013 19:23:48,0 days 00:32:40.000000000,1057
28,Pizza Place,40.70616309,-73.95031285,1/4/2013 20:02:01,0 days 00:38:13.000000000,1057
28,Train Station,40.70693946,-73.95375689,1/4/2013 22:59:32,0 days 02:57:31.000000000,1057
28,Bank,40.76311056,-73.98301154,1/4/2013 23:40:11,0 days 00:40:39.000000000,1057
28,Bus Station,40.81324339,-73.95593226,1/4/2013 23:46:17,0 days 00:06:06.000000000,1057
28,Train Station,40.71267093,-74.01193142,1/6/2013 18:53:54,0 days 07:53:27.000000000,1060
28,Train Station,40.73441328,-74.1645813,1/6/2013 19:15:30,0 days 00:21:36.000000000,1060
29,General College & University,40.77110061,-73.98989439,4/18/2012 13:51:56,0 days 18:56:58.000000000,1067
29,Sandwich Place,40.76824635,-73.98546214,4/18/2012 16:10:09,0 days 02:18:13.000000000,1067
29,Coffee Shop,40.76900427,-73.98231983,5/7/2012 14:35:17,0 days 20:51:00.000000000,1074
29,College Academic Building,40.77089748,-73.98957253,5/7/2012 15:51:12,0 days 01:15:55.000000000,1074
29,Department Store,40.75061379,-73.98856401,5/7/2012 16:33:41,0 days 00:42:29.000000000,1074
29,Korean Restaurant,40.74790144,-73.98689117,5/7/2012 17:59:37,0 days 01:25:56.000000000,1074
29,Movie Theater,40.75703139,-73.98902607,5/14/2012 19:57:00,0 days 04:22:51.000000000,1077
29,Sushi Restaurant,40.76072438,-73.98607622,5/14/2012 22:02:42,0 days 02:05:42.000000000,1077
29,Salon / Barbershop,40.60776774,-73.96034058,7/17/2012 16:10:54,1 days 04:48:58.000000000,1083
29,Tea Room,40.602004,-73.994322,7/17/2012 16:56:53,0 days 00:45:59.000000000,1083
29,College Academic Building,40.77089748,-73.98957253,9/15/2012 13:58:59,0 days 22:57:28.000000000,1089
29,Plaza,40.76803327,-73.98186922,9/15/2012 15:18:00,0 days 01:19:01.000000000,1089
29,Japanese Restaurant,40.58365691,-73.94940017,9/15/2012 18:02:30,0 days 02:44:30.000000000,1089
29,Medical Center,40.5873909,-73.95526886,12/3/2012 17:13:01,0 days 19:49:47.000000000,1096
29,Diner,40.58356694,-73.98618221,12/3/2012 20:05:37,0 days 02:52:36.000000000,1096
30,Park,40.70273245,-74.01482821,4/22/2012 10:23:54,1 days 07:44:28.000000000,1102
30,Park,40.70357834,-74.01618004,4/22/2012 10:27:49,0 days 00:03:55.000000000,1102
30,Ferry,40.703253,-74.00609493,4/22/2012 12:08:04,0 days 01:40:15.000000000,1102
30,Ferry,40.67114233,-74.01398063,4/22/2012 12:38:38,0 days 00:30:34.000000000,1102
30,Furniture / Home Store,40.67168754,-74.01038647,4/22/2012 13:06:19,0 days 00:27:41.000000000,1102
30,Furniture / Home Store,40.74015544,-73.99480513,4/28/2012 19:26:25,0 days 03:58:27.000000000,1105
30,Food & Drink Shop,40.74481848,-73.99515152,4/28/2012 20:45:00,0 days 01:18:35.000000000,1105
30,Office,40.70516234,-74.01135509,5/15/2012 19:13:11,1 days 02:20:26.000000000,1109
30,Bar,40.70423809,-74.01015578,5/15/2012 21:25:23,0 days 02:12:12.000000000,1109
30,Bar,40.71489854,-74.00957047,6/3/2012 2:57:19,0 days 08:44:05.000000000,1116
30,Donut Shop,40.7128905,-74.00834799,6/3/2012 4:17:36,0 days 01:20:17.000000000,1116
30,Home (private),40.70489849,-74.01238511,6/9/2012 19:40:29,0 days 15:48:06.000000000,1119
30,Mexican Restaurant,40.70761289,-74.01350694,6/9/2012 20:11:51,0 days 00:31:22.000000000,1119
30,Art Gallery,40.70763681,-74.01386261,6/9/2012 20:14:18,0 days 00:02:27.000000000,1119
31,Post Office,40.76007269,-73.89141029,5/7/2012 13:27:11,1 days 23:18:11.000000000,1129
31,Bank,40.75464922,-73.89583721,5/7/2012 15:19:18,0 days 01:52:07.000000000,1129
31,Arts & Crafts Store,40.75245876,-73.9097929,5/7/2012 16:08:19,0 days 00:49:01.000000000,1129
31,Coffee Shop,40.75271884,-73.90970707,5/7/2012 16:09:41,0 days 00:01:22.000000000,1129
31,Coffee Shop,40.76590104,-73.96343432,5/10/2012 13:54:27,2 days 21:44:46.000000000,1130
31,Antique Shop,40.76628081,-73.95416444,5/10/2012 14:39:11,0 days 00:44:44.000000000,1130
31,Bank,40.75464922,-73.89583721,12/15/2012 13:39:24,0 days 23:18:26.000000000,1141
31,Coffee Shop,40.72285185,-73.86757493,12/15/2012 14:23:33,0 days 00:44:09.000000000,1141
32,Indian Restaurant,40.74937024,-73.97742748,5/9/2012 14:00:06,0 days 23:31:21.000000000,1146
32,Coffee Shop,40.7446372,-73.9904895,5/9/2012 14:17:52,0 days 00:17:46.000000000,1146
33,Bar,40.71804198,-73.95757904,5/21/2012 18:32:07,2 days 11:19:09.000000000,1158
33,Bar,40.711369,-73.94779399999999,5/21/2012 20:32:34,0 days 02:00:27.000000000,1158
33,Gastropub,40.72639998,-73.99173485,6/16/2012 16:40:47,2 days 21:02:09.000000000,1161
33,Bar,40.71275399,-73.96637304,6/16/2012 18:37:44,0 days 01:56:57.000000000,1161
33,Bar,40.71892124,-73.95938777,7/20/2012 19:15:22,2 days 23:54:31.000000000,1164
33,Home (private),40.70477381,-73.94186034,7/20/2012 20:07:01,0 days 00:51:39.000000000,1164
33,Home (private),40.70477381,-73.94186034,9/9/2012 10:47:57,3 days 16:11:41.000000000,1167
33,Bar,40.714838,-73.943462,9/9/2012 12:11:06,0 days 01:23:09.000000000,1167
34,College Academic Building,40.72195742,-73.79645348,4/9/2012 15:18:04,0 days 05:41:45.000000000,1174
34,Sandwich Place,40.77301813,-73.91135931,4/9/2012 18:00:06,0 days 02:42:02.000000000,1174
34,Home (private),40.76723746,-73.89482953,4/14/2012 17:44:59,0 days 03:18:15.000000000,1177
34,Performing Arts Venue,40.7601065,-73.98041169,4/14/2012 19:27:00,0 days 01:42:01.000000000,1177
34,Coffee Shop,40.76036636,-73.91790717,4/15/2012 15:12:16,0 days 13:53:25.000000000,1179
34,Furniture / Home Store,40.76243857,-73.89558792,4/15/2012 15:58:03,0 days 00:45:47.000000000,1179
34,Donut Shop,40.77013461,-73.90442091,4/23/2012 12:48:38,0 days 21:27:01.000000000,1182
34,Plaza,40.76803327,-73.98186922,4/23/2012 13:20:31,0 days 00:31:53.000000000,1182
34,Sporting Goods Shop,40.76280319,-73.97336954,4/23/2012 14:03:09,0 days 00:42:38.000000000,1182
34,Movie Theater,40.75465044,-73.92345871,4/23/2012 16:45:55,0 days 02:42:46.000000000,1182
34,Gym / Fitness Center,40.76396629,-73.91511440000002,5/3/2012 9:52:49,1 days 09:20:11.000000000,1191
34,Home (private),40.76723746,-73.89482953,5/3/2012 10:59:21,0 days 01:06:32.000000000,1191
34,Donut Shop,40.77013461,-73.90442091,5/3/2012 13:05:42,0 days 02:06:21.000000000,1191
34,Government Building,40.69916863,-73.98959423,5/3/2012 14:14:55,0 days 01:09:13.000000000,1191
34,University,40.72166470000001,-73.79473686,5/4/2012 8:32:47,0 days 18:17:52.000000000,1192
34,College Academic Building,40.72200363,-73.7932287,5/4/2012 9:05:22,0 days 00:32:35.000000000,1192
34,College Academic Building,40.72195742,-73.79645348,5/4/2012 10:40:04,0 days 01:34:42.000000000,1192
34,Gym / Fitness Center,40.76396629,-73.91511440000002,5/7/2012 7:13:15,0 days 14:23:55.000000000,1194
34,Government Building,40.69916863,-73.98959423,5/7/2012 8:23:41,0 days 01:10:26.000000000,1194
34,Gym / Fitness Center,40.76396629,-73.91511440000002,6/27/2012 6:08:49,0 days 07:06:22.000000000,1203
34,Home (private),40.76723746,-73.89482953,6/27/2012 7:46:16,0 days 01:37:27.000000000,1203
34,University,40.72166470000001,-73.79473686,6/27/2012 8:18:14,0 days 00:31:58.000000000,1203
34,Bagel Shop,40.702495,-73.988499,7/3/2012 13:06:16,0 days 15:23:23.000000000,1205
34,Government Building,40.69438343,-73.98467015,7/3/2012 15:51:18,0 days 02:45:02.000000000,1205
34,Home (private),40.76723746,-73.89482953,7/3/2012 18:42:59,0 days 02:51:41.000000000,1205
34,Movie Theater,40.75498734,-73.92364816,7/3/2012 20:30:34,0 days 01:47:35.000000000,1205
34,Home (private),40.76723746,-73.89482953,7/3/2012 23:25:13,0 days 02:54:39.000000000,1205
34,University,40.72166470000001,-73.79473686,7/16/2012 10:24:33,0 days 04:02:53.000000000,1211
34,College Academic Building,40.72200363,-73.7932287,7/16/2012 11:15:50,0 days 00:51:17.000000000,1211
34,Home (private),40.76723746,-73.89482953,7/27/2012 17:02:36,0 days 22:35:38.000000000,1215
34,Government Building,40.69916863,-73.98959423,7/27/2012 17:50:26,0 days 00:47:50.000000000,1215
34,Home (private),40.76723746,-73.89482953,9/5/2012 10:01:58,0 days 03:36:48.000000000,1220
34,University,40.72166470000001,-73.79473686,9/5/2012 10:26:45,0 days 00:24:47.000000000,1220
34,College Academic Building,40.72277054,-73.79508018,9/5/2012 10:33:02,0 days 00:06:17.000000000,1220
34,Gym / Fitness Center,40.76396629,-73.91511440000002,10/18/2012 19:23:45,0 days 03:05:18.000000000,1225
34,Home (private),40.76723746,-73.89482953,10/18/2012 20:32:26,0 days 01:08:41.000000000,1225
34,Gas Station / Garage,40.76776919,-73.901124,10/18/2012 21:23:15,0 days 00:50:49.000000000,1225
34,Government Building,40.69916863,-73.98959423,10/18/2012 21:40:49,0 days 00:17:34.000000000,1225
34,Food & Drink Shop,40.77382319,-73.90719976,11/10/2012 20:07:31,0 days 04:41:24.000000000,1240
34,Home (private),40.76723746,-73.89482953,11/10/2012 21:12:52,0 days 01:05:21.000000000,1240
34,Bar,40.761606,-73.924453,11/11/2012 0:12:22,0 days 02:59:30.000000000,1240
34,Gas Station / Garage,40.76824172,-73.93061176,11/11/2012 2:15:00,0 days 02:02:38.000000000,1240
34,Food & Drink Shop,40.77790704,-73.90865233,11/11/2012 2:21:43,0 days 00:06:43.000000000,1240
34,Home (private),40.76723746,-73.89482953,11/11/2012 2:40:48,0 days 00:19:05.000000000,1240
34,Coffee Shop,40.702345,-73.9906849,11/25/2012 7:09:01,0 days 13:49:47.000000000,1247
34,Home (private),40.76723746,-73.89482953,11/25/2012 7:50:55,0 days 00:41:54.000000000,1247
34,Department Store,40.73437109,-73.87157690000002,12/19/2012 15:35:08,0 days 15:51:21.000000000,1255
34,Arts & Crafts Store,40.75245876,-73.9097929,12/19/2012 17:34:30,0 days 01:59:22.000000000,1255
34,Home (private),40.76723746,-73.89482953,12/19/2012 18:03:44,0 days 00:29:14.000000000,1255
34,Home (private),40.76723746,-73.89482953,12/22/2012 1:21:33,0 days 07:52:03.000000000,1258
34,Other Great Outdoors,40.74924156,-73.90068891,12/22/2012 1:22:01,0 days 00:00:28.000000000,1258
34,Breakfast Spot,40.75797373,-73.92337834,12/28/2012 22:35:07,0 days 03:50:01.000000000,1260
34,Home (private),40.76723746,-73.89482953,12/29/2012 0:40:34,0 days 02:05:27.000000000,1260
34,Coffee Shop,40.72299095,-73.79952481,1/29/2013 7:07:14,0 days 14:38:17.000000000,1270
34,College Academic Building,40.72277054,-73.79508018,1/29/2013 7:25:42,0 days 00:18:28.000000000,1270
34,Neighborhood,40.74576137,-73.9033556,2/2/2013 15:24:47,0 days 04:06:36.000000000,1274
34,Coffee Shop,40.78195703,-73.82981211,2/2/2013 17:00:37,0 days 01:35:50.000000000,1274
34,Neighborhood,40.74576137,-73.9033556,2/2/2013 18:00:44,0 days 01:00:07.000000000,1274
34,Post Office,40.77470127,-73.91276883,2/5/2013 11:11:08,0 days 03:56:38.000000000,1276
34,Food & Drink Shop,40.775511,-73.909864,2/5/2013 11:33:42,0 days 00:22:34.000000000,1276
34,Home (private),40.76723746,-73.89482953,2/7/2013 20:49:26,0 days 06:57:09.000000000,1278
34,Government Building,40.69920538,-73.98933024,2/7/2013 22:02:54,0 days 01:13:28.000000000,1278
35,Home (private),40.66855421,-73.96537147,5/12/2012 2:53:05,0 days 03:54:41.000000000,1285
35,Home (private),40.66855421,-73.96537147,5/12/2012 2:53:13,0 days 00:00:08.000000000,1285
35,Deli / Bodega,40.764013,-73.970601,5/17/2012 9:26:17,0 days 12:27:56.000000000,1292
35,Movie Theater,40.75703139,-73.98902607,5/17/2012 9:53:14,0 days 00:26:57.000000000,1292
35,Caf,40.671275,-73.95768734,5/18/2012 18:24:17,1 days 05:04:51.000000000,1293
35,Music Venue,40.68665859,-73.97774935,5/18/2012 18:49:00,0 days 00:24:43.000000000,1293
35,Home (private),40.70644612,-73.95361626,5/18/2012 20:29:13,0 days 01:40:13.000000000,1293
35,Home (private),40.66855421,-73.96537147,5/28/2012 5:41:31,0 days 03:11:13.000000000,1299
35,Home (private),40.66855421,-73.96537147,5/28/2012 5:41:40,0 days 00:00:09.000000000,1299
35,Home (private),40.66855421,-73.96537147,5/31/2012 9:23:52,1 days 12:33:20.000000000,1303
35,Home (private),40.66855421,-73.96537147,5/31/2012 9:24:00,0 days 00:00:08.000000000,1303
35,Pizza Place,40.71411952,-73.96042094,6/9/2012 0:24:34,0 days 13:40:25.000000000,1310
35,Bar,40.72240464,-73.95522952,6/9/2012 0:24:41,0 days 00:00:07.000000000,1310
35,Bar,40.715013,-73.9514637,6/9/2012 1:56:37,0 days 01:31:56.000000000,1310
35,Bar,40.67396104,-73.95698262,6/9/2012 18:49:00,0 days 03:29:54.000000000,1313
35,Office,40.67981654,-73.94561738,6/9/2012 20:35:21,0 days 01:46:21.000000000,1313
35,Train Station,40.70715046,-73.99030638,6/13/2012 8:48:10,0 days 11:46:04.000000000,1320
35,Home (private),40.66855421,-73.96537147,6/13/2012 9:11:12,0 days 00:23:02.000000000,1320
36,Bar,40.73606143,-74.03021594,8/17/2012 17:55:46,0 days 04:32:24.000000000,1328
36,Bar,40.737661,-74.031302,8/17/2012 20:09:43,0 days 02:13:57.000000000,1328
36,Bar,40.73891377,-74.03018151,8/17/2012 22:27:57,0 days 02:18:14.000000000,1328
36,Burger Joint,40.7385593,-74.03072834,8/18/2012 0:52:00,0 days 02:24:03.000000000,1328
36,Coffee Shop,40.76139825,-73.96798013,8/18/2012 15:51:27,0 days 14:59:27.000000000,1329
36,Candy Store,40.76215646,-73.9660918,8/18/2012 16:09:10,0 days 00:17:43.000000000,1329
36,Bakery,40.737147,-74.03099399999998,11/19/2012 18:47:35,1 days 09:53:41.000000000,1332
36,Gym / Fitness Center,40.73690899,-74.03093315,11/19/2012 20:05:00,0 days 01:17:25.000000000,1332
36,Bus Station,40.7572213,-73.99154663,12/16/2012 15:25:38,1 days 00:33:14.000000000,1341
36,Residential Building (Apartment / Condo),40.74056664,-74.03770927,12/16/2012 15:59:15,0 days 00:33:37.000000000,1341
37,Library,40.77433764,-73.98478493,4/14/2012 12:00:11,5 days 18:57:23.000000000,1348
37,Post Office,40.77471051,-73.98105448,4/14/2012 14:36:30,0 days 02:36:19.000000000,1348
37,Food & Drink Shop,40.764016,-73.82947598,4/14/2012 17:07:41,0 days 02:31:11.000000000,1348
37,Clothing Store,40.754376,-73.978525,5/18/2012 18:58:22,0 days 23:32:16.000000000,1358
37,Bus Station,40.77484785,-73.98219109,5/18/2012 19:07:18,0 days 00:08:56.000000000,1358
37,Plaza,40.77210813,-73.97742748,7/3/2012 18:39:26,2 days 23:42:26.000000000,1365
37,Performing Arts Venue,40.77261188,-73.97016406,7/3/2012 19:10:49,0 days 00:31:23.000000000,1365
37,Bar,40.77982651,-73.98888588,7/4/2012 8:37:03,0 days 13:26:14.000000000,1366
37,Food & Drink Shop,40.78055768,-73.98171902,7/4/2012 10:08:57,0 days 01:31:54.000000000,1366
37,American Restaurant,40.77532966,-73.98347067,7/4/2012 11:00:46,0 days 00:51:49.000000000,1366
37,Library,40.77433764,-73.98478493,7/29/2012 15:15:00,0 days 07:02:19.000000000,1369
37,Sporting Goods Shop,40.781526,-73.980974,7/29/2012 15:41:30,0 days 00:26:30.000000000,1369
37,Paper / Office Supplies Store,40.78486287,-73.97924663,7/29/2012 16:05:23,0 days 00:23:53.000000000,1369
37,Food & Drink Shop,40.78055768,-73.98171902,7/29/2012 16:34:41,0 days 00:29:18.000000000,1369
37,Food & Drink Shop,40.78083036,-73.98117501,7/29/2012 16:40:41,0 days 00:06:00.000000000,1369
37,Food & Drink Shop,40.76806171,-73.98184776,1/26/2013 14:59:56,10 days 06:54:40.000000000,1378
37,Food & Drink Shop,40.78055768,-73.98171902,1/26/2013 16:07:32,0 days 01:07:36.000000000,1378
38,Gym / Fitness Center,40.86188685,-73.89766307,5/21/2012 9:15:09,1 days 21:56:11.000000000,1384
38,Library,40.86277902,-73.89423609,5/21/2012 11:51:49,0 days 02:36:40.000000000,1384
38,Residential Building (Apartment / Condo),40.87686732,-73.87220283,7/4/2012 11:27:18,0 days 08:56:01.000000000,1388
38,Movie Theater,40.86674826,-73.82558032,7/4/2012 13:11:13,0 days 01:43:55.000000000,1388
38,Other Great Outdoors,40.86848291,-73.83256674,7/4/2012 16:05:51,0 days 02:54:38.000000000,1388
38,Bar,40.76430758,-73.98882151,11/18/2012 3:26:14,16 days 08:21:23.000000000,1393
38,Bar,40.87573617,-73.87243826,11/18/2012 4:28:24,0 days 01:02:10.000000000,1393
39,Office,40.723206,-73.997249,4/20/2012 10:25:22,0 days 15:31:19.000000000,1396
39,Food & Drink Shop,40.723955,-73.99182900000002,4/20/2012 12:17:38,0 days 01:52:16.000000000,1396
39,Italian Restaurant,40.721504,-73.995029,5/1/2012 12:27:49,1 days 21:29:47.000000000,1402
39,Asian Restaurant,40.72325444,-73.99727853,5/1/2012 15:20:13,0 days 02:52:24.000000000,1402
39,Office,40.723206,-73.997249,5/1/2012 15:30:39,0 days 00:10:26.000000000,1402
39,Bar,40.72392515,-73.99691105,5/17/2012 9:26:01,0 days 20:46:51.000000000,1410
39,Office,40.723206,-73.997249,5/17/2012 12:19:00,0 days 02:52:59.000000000,1410
39,Ice Cream Shop,40.72179899,-73.99613078,6/20/2012 16:28:52,2 days 03:52:08.000000000,1416
39,Gym / Fitness Center,40.74646614,-74.00879579,6/20/2012 18:39:16,0 days 02:10:24.000000000,1416
39,Coffee Shop,40.72263849,-73.99800161,11/15/2012 16:30:49,2 days 07:35:20.000000000,1421
39,Bar,40.71977014,-73.99493712,11/15/2012 18:42:14,0 days 02:11:25.000000000,1421
40,Drugstore / Pharmacy,40.72386146,-73.990936,4/28/2012 15:22:55,0 days 03:46:35.000000000,1430
40,Flea Market,40.68741519,-73.96922529,4/28/2012 16:08:49,0 days 00:45:54.000000000,1430
40,Electronics Store,40.73558076,-73.87449978,5/6/2012 14:55:55,0 days 22:05:42.000000000,1433
40,Park,40.74696435,-73.8076973,5/6/2012 16:19:19,0 days 01:23:24.000000000,1433
40,Food & Drink Shop,40.7632808,-73.80912370000001,5/6/2012 17:08:21,0 days 00:49:02.000000000,1433
40,Department Store,40.71056828,-74.01106817,5/8/2012 15:09:51,0 days 07:24:46.000000000,1434
40,Electronics Store,40.71122335,-74.00815487,5/8/2012 15:10:46,0 days 00:00:55.000000000,1434
40,Seafood Restaurant,40.83840985,-73.78303731,7/4/2012 13:55:36,1 days 04:58:10.000000000,1448
40,Food & Drink Shop,40.7632808,-73.80912370000001,7/4/2012 15:55:11,0 days 01:59:35.000000000,1448
40,Sushi Restaurant,40.74411526,-73.92232775,11/24/2012 13:11:01,0 days 03:11:19.000000000,1453
40,Ice Cream Shop,40.743272,-73.922587,11/24/2012 14:13:09,0 days 01:02:08.000000000,1453
40,Music Store,40.75330051,-73.91447971,11/24/2012 14:29:59,0 days 00:16:50.000000000,1453
40,Post Office,40.74299354,-73.9207662,12/1/2012 13:23:47,0 days 03:29:13.000000000,1454
40,Sushi Restaurant,40.74411526,-73.92232775,12/1/2012 13:24:07,0 days 00:00:20.000000000,1454
40,Food & Drink Shop,40.7632808,-73.80912370000001,12/1/2012 16:40:12,0 days 03:16:05.000000000,1455
40,Deli / Bodega,40.761136,-73.80420062,12/1/2012 16:42:30,0 days 00:02:18.000000000,1455
40,College Academic Building,40.75421381,-73.78646706,12/1/2012 18:05:57,0 days 01:23:27.000000000,1455
41,School,40.66567683,-73.91771197,6/11/2012 14:31:18,0 days 19:59:54.000000000,1458
41,High School,40.76433414,-73.95784948,6/11/2012 15:13:54,0 days 00:42:36.000000000,1458
41,Bar,40.76415462,-73.98689691,7/1/2012 1:28:51,0 days 08:40:27.000000000,1459
41,Bar,40.76421263,-73.98701743,7/1/2012 2:13:06,0 days 00:44:15.000000000,1459
41,Bar,40.760871,-73.990166,7/1/2012 2:25:35,0 days 00:12:29.000000000,1459
41,Laundry Service,40.606173,-73.98629386,8/14/2012 7:30:35,3 days 00:43:13.000000000,1463
41,Drugstore / Pharmacy,40.60586317,-73.98481363,8/14/2012 7:30:51,0 days 00:00:16.000000000,1463
41,Home (private),40.60259049,-73.98887973,8/14/2012 7:51:37,0 days 00:20:46.000000000,1463
41,College Academic Building,40.81399481,-73.95550759,8/14/2012 10:24:23,0 days 02:32:46.000000000,1463
41,Office,40.75437301,-73.98640909,12/1/2012 16:00:34,2 days 19:20:38.000000000,1473
41,Clothing Store,40.72446196,-73.99749086,12/1/2012 16:22:57,0 days 00:22:23.000000000,1473
42,Subway,40.66161146,-73.9622459,4/27/2012 9:43:34,0 days 23:50:07.000000000,1482
42,Train Station,40.707149,-73.99056999999998,4/27/2012 9:57:32,0 days 00:13:58.000000000,1482
42,Subway,40.6552623,-73.96150857,5/8/2012 9:20:51,1 days 01:00:03.000000000,1486
42,Train Station,40.707149,-73.99056999999998,5/8/2012 9:47:06,0 days 00:26:15.000000000,1486
42,Subway,40.74137194,-73.98931503,5/8/2012 10:10:12,0 days 00:23:06.000000000,1486
42,Subway,40.6552623,-73.96150857,5/17/2012 9:49:31,0 days 13:39:51.000000000,1491
42,Subway,40.707149,-73.99056999999998,5/17/2012 9:50:01,0 days 00:00:30.000000000,1491
42,Subway,40.707149,-73.99056999999998,5/22/2012 9:46:22,0 days 17:30:54.000000000,1493
42,Subway,40.74137194,-73.98931503,5/22/2012 9:58:05,0 days 00:11:43.000000000,1493
42,Subway,40.74137194,-73.98931503,5/23/2012 19:28:15,1 days 09:30:10.000000000,1494
42,Subway,40.707149,-73.99056999999998,5/23/2012 19:53:22,0 days 00:25:07.000000000,1494
42,Subway,40.66161146,-73.9622459,5/23/2012 20:15:57,0 days 00:22:35.000000000,1494
42,Office,40.742978,-73.989666,6/20/2012 17:25:51,2 days 23:15:45.000000000,1499
42,Subway,40.6552623,-73.96150857,6/20/2012 19:42:57,0 days 02:17:06.000000000,1499
43,Bagel Shop,40.76701676,-73.78209513,4/6/2012 9:12:34,1 days 20:27:36.000000000,1510
43,Road,40.78684822,-73.78910395,4/6/2012 9:22:12,0 days 00:09:38.000000000,1510
43,Bridge,40.74081918,-73.94069195,4/6/2012 9:30:32,0 days 00:08:20.000000000,1510
43,Bridge,40.75673368,-73.95445704,4/6/2012 9:35:00,0 days 00:04:28.000000000,1510
43,Bridge,40.75673368,-73.95445704,4/6/2012 9:38:20,0 days 00:03:20.000000000,1510
43,Other Great Outdoors,40.75780284,-73.79267721,4/9/2012 13:04:52,0 days 21:51:52.000000000,1512
43,Bridge,40.75673368,-73.95445704,4/9/2012 13:24:07,0 days 00:19:15.000000000,1512
43,Neighborhood,40.78122385,-73.91837597,4/9/2012 14:38:04,0 days 01:13:57.000000000,1512
43,Road,40.77058872,-73.91751766,4/9/2012 14:39:30,0 days 00:01:26.000000000,1512
43,Road,40.78771025,-73.81637857,4/9/2012 14:47:56,0 days 00:08:26.000000000,1512
43,Road,40.78684822,-73.78910395,4/9/2012 14:49:42,0 days 00:01:46.000000000,1512
43,Food & Drink Shop,40.7577956,-73.78051558,4/9/2012 14:55:53,0 days 00:06:11.000000000,1512
43,Road,40.78684822,-73.78910395,4/10/2012 17:35:56,0 days 22:01:02.000000000,1513
43,Road,40.78600057,-73.80244017,4/10/2012 17:38:33,0 days 00:02:37.000000000,1513
43,Road,40.81780414,-73.80359888,4/10/2012 17:40:47,0 days 00:02:14.000000000,1513
43,Road,40.84420349,-73.89987946,4/10/2012 17:49:24,0 days 00:08:37.000000000,1513
43,Road,40.85313078,-73.92015696,4/10/2012 17:56:11,0 days 00:06:47.000000000,1513
43,Stadium,40.82827721,-73.92655344,4/10/2012 18:05:10,0 days 00:08:59.000000000,1513
43,Stadium,40.82947203,-73.92685156,4/10/2012 19:35:31,0 days 01:30:21.000000000,1513
43,Road,40.7641223,-73.78840308,4/12/2012 20:16:23,0 days 10:29:56.000000000,1515
43,Road,40.78016772,-73.80259037,4/12/2012 20:17:31,0 days 00:01:08.000000000,1515
43,Other Great Outdoors,40.77943655,-73.80902767,4/12/2012 20:22:28,0 days 00:04:57.000000000,1515
43,Road,40.78016772,-73.80259037,4/12/2012 22:37:24,0 days 02:14:56.000000000,1515
43,Road,40.78016772,-73.80259037,4/12/2012 22:38:11,0 days 00:00:47.000000000,1515
43,Coffee Shop,40.70740909,-73.83618236,4/18/2012 10:07:09,2 days 21:53:43.000000000,1522
43,Road,40.67520278,-73.90151024,4/18/2012 10:26:54,0 days 00:19:45.000000000,1522
43,Road,40.75961057,-73.85473251,4/18/2012 12:07:14,0 days 01:40:20.000000000,1522
43,Deli / Bodega,40.72293316,-73.86803627,4/26/2012 10:06:30,0 days 19:14:04.000000000,1523
43,Coffee Shop,40.72285185,-73.86757493,4/26/2012 10:07:10,0 days 00:00:40.000000000,1523
43,Government Building,40.71327422,-73.82727472,5/4/2012 9:02:35,0 days 13:29:58.000000000,1528
43,Food & Drink Shop,40.76911988,-73.91937815,5/4/2012 10:31:35,0 days 01:29:00.000000000,1528
43,Road,40.78684822,-73.78910395,5/4/2012 11:59:24,0 days 01:27:49.000000000,1528
43,Road,40.81780414,-73.80359888,5/4/2012 12:00:35,0 days 00:01:11.000000000,1528
43,Stadium,40.82827721,-73.92655344,5/4/2012 12:54:23,0 days 00:53:48.000000000,1528
43,Road,40.71057275,-73.95584106,5/31/2012 9:21:21,2 days 00:13:57.000000000,1536
43,Bridge,40.71356548,-73.97236347,5/31/2012 9:22:39,0 days 00:01:18.000000000,1536
43,Government Building,40.71454143,-74.00592084,5/31/2012 10:39:56,0 days 01:17:17.000000000,1536
43,Subway,40.71327272,-74.0069747,5/31/2012 11:03:19,0 days 00:23:23.000000000,1536
43,Train Station,40.7507948,-73.99357639,5/31/2012 11:33:23,0 days 00:30:04.000000000,1536
43,Train Station,40.7507948,-73.99357639,5/31/2012 11:34:12,0 days 00:00:49.000000000,1536
43,Subway,40.7509958,-73.99068832,5/31/2012 11:34:37,0 days 00:00:25.000000000,1536
43,Train Station,40.750118,-73.99244785,5/31/2012 11:42:20,0 days 00:07:43.000000000,1536
43,Road,40.7641223,-73.78840308,6/13/2012 8:32:33,0 days 15:21:56.000000000,1539
43,Road,40.78684822,-73.78910395,6/13/2012 8:34:38,0 days 00:02:05.000000000,1539
43,Bridge,40.79981702,-73.79351377,6/13/2012 8:36:49,0 days 00:02:11.000000000,1539
43,Road,40.81780414,-73.80359888,6/13/2012 8:39:03,0 days 00:02:14.000000000,1539
43,Road,40.81510842,-73.83662224,6/13/2012 11:24:22,0 days 02:45:19.000000000,1539
43,Bridge,40.80023122,-73.82881165,6/13/2012 11:24:48,0 days 00:00:26.000000000,1539
43,Italian Restaurant,40.764432,-73.77149926,6/13/2012 13:40:52,0 days 02:16:04.000000000,1539
43,Gas Station / Garage,40.76138292,-73.76342288,6/13/2012 13:49:25,0 days 00:08:33.000000000,1539
43,Train Station,40.76308867,-73.77126217,7/16/2012 18:10:49,2 days 19:43:22.000000000,1556
43,Post Office,40.76282443,-73.77171932,7/16/2012 18:11:20,0 days 00:00:31.000000000,1556
43,Road,40.7734959,-73.78427823,7/16/2012 18:19:22,0 days 00:08:02.000000000,1556
43,Road,40.7641223,-73.78840308,8/16/2012 20:13:37,0 days 09:31:50.000000000,1563
43,Bridge,40.79981702,-73.79351377,8/16/2012 20:18:30,0 days 00:04:53.000000000,1563
43,Other Great Outdoors,40.84266631,-73.82039936,8/16/2012 20:24:43,0 days 00:06:13.000000000,1563
44,Automotive Shop,40.74488819,-74.18891213,11/26/2012 14:02:36,1 days 17:01:15.000000000,1574
44,Office,40.73602249,-74.17688416,11/26/2012 15:54:28,0 days 01:51:52.000000000,1574
44,City,40.73168604,-74.17376899,11/26/2012 16:10:08,0 days 00:15:40.000000000,1574
44,Residential Building (Apartment / Condo),40.73186523,-74.1861202,11/30/2012 12:38:45,1 days 16:17:54.000000000,1575
44,Bank,40.7317,-74.20226,11/30/2012 14:13:05,0 days 01:34:20.000000000,1575
44,General Travel,40.72147768,-74.18027759,11/30/2012 17:03:16,0 days 02:50:11.000000000,1575
44,Pizza Place,40.70523725,-74.26163656,11/30/2012 17:45:59,0 days 00:42:43.000000000,1575
44,City,40.66429841,-74.21084404,12/1/2012 7:09:35,0 days 13:23:36.000000000,1576
44,Fast Food Restaurant,40.67222272,-74.20035461,12/1/2012 7:10:56,0 days 00:01:21.000000000,1576
45,Food & Drink Shop,40.74201604,-74.00516337,4/11/2012 11:18:59,0 days 23:28:59.000000000,1584
45,Medical Center,40.73213693,-73.98493767,4/11/2012 12:19:55,0 days 01:00:56.000000000,1584
45,Gastropub,40.73228433,-73.98520388,4/11/2012 12:20:43,0 days 00:00:48.000000000,1584
45,Fried Chicken Joint,40.73245806,-73.9851737,4/11/2012 13:04:03,0 days 00:43:20.000000000,1584
45,Food & Drink Shop,40.74744593,-74.0006586,4/11/2012 13:25:38,0 days 00:21:35.000000000,1584
45,Food & Drink Shop,40.7469649,-74.0008974,4/11/2012 13:29:19,0 days 00:03:41.000000000,1584
45,Food & Drink Shop,40.74744593,-74.0006586,4/12/2012 9:05:57,0 days 04:06:09.000000000,1586
45,Bus Station,40.74516296,-73.99789429,4/12/2012 9:11:19,0 days 00:05:22.000000000,1586
45,Burger Joint,40.740705,-73.98610902,4/12/2012 9:27:29,0 days 00:16:10.000000000,1586
45,Office,40.75175247,-73.97994681,4/12/2012 9:43:04,0 days 00:15:35.000000000,1586
45,Miscellaneous Shop,40.75399484,-73.97856742,4/12/2012 9:43:52,0 days 00:00:48.000000000,1586
45,Clothing Store,40.75322274,-73.97902608,4/12/2012 9:45:14,0 days 00:01:22.000000000,1586
45,Toy / Game Store,40.76355592,-73.97286773,4/12/2012 9:55:54,0 days 00:10:40.000000000,1586
45,Clothing Store,40.77159036,-73.96555801,4/12/2012 9:59:13,0 days 00:03:19.000000000,1586
45,Clothing Store,40.77692468,-73.96146558,4/12/2012 10:04:31,0 days 00:05:18.000000000,1586
45,Clothing Store,40.780939,-73.95863,4/12/2012 10:05:36,0 days 00:01:05.000000000,1586
45,Salon / Barbershop,40.79454914,-73.94869987,4/12/2012 10:13:36,0 days 00:08:00.000000000,1586
45,Food & Drink Shop,40.74723001,-74.00054957,4/23/2012 9:03:19,1 days 20:18:39.000000000,1593
45,Food & Drink Shop,40.74991624,-73.99869599,4/23/2012 10:23:50,0 days 01:20:31.000000000,1593
45,Housing Development,40.74858415,-74.00154235,5/3/2012 12:57:06,6 days 01:41:31.000000000,1594
45,Seafood Restaurant,40.73771556,-73.98822262,5/3/2012 13:39:32,0 days 00:42:26.000000000,1594
45,Diner,40.73802516,-73.98798732,5/3/2012 13:40:33,0 days 00:01:01.000000000,1594
45,Medical Center,40.73777377,-73.98826243,5/3/2012 14:37:05,0 days 00:56:32.000000000,1594
45,Drugstore / Pharmacy,40.74619000000001,-73.998091,6/3/2012 11:08:07,1 days 23:48:08.000000000,1602
45,Food & Drink Shop,40.74723001,-74.00054957,6/3/2012 11:26:48,0 days 00:18:41.000000000,1602
45,Deli / Bodega,40.7478959,-74.00037225,6/3/2012 11:27:16,0 days 00:00:28.000000000,1602
45,Food & Drink Shop,40.74991624,-73.99869599,6/3/2012 13:37:36,0 days 02:10:20.000000000,1602
46,Coffee Shop,40.72795871,-73.90660266,10/8/2012 7:48:44,22 days 22:24:31.000000000,1615
46,Gym / Fitness Center,40.73714913,-73.88753449,10/8/2012 8:14:16,0 days 00:25:32.000000000,1615
46,Thai Restaurant,40.735624,-73.998163,10/23/2012 18:26:09,4 days 09:18:56.000000000,1617
46,Movie Theater,40.73416736,-73.99048716,10/23/2012 20:10:31,0 days 01:44:22.000000000,1617
47,Bar,40.72659892,-73.99597584,4/20/2012 20:09:51,1 days 10:57:42.000000000,1622
47,Steakhouse,40.739258,-73.98633199999998,4/20/2012 21:13:37,0 days 01:03:46.000000000,1622
47,Bus Station,40.75705876,-73.99141788,4/20/2012 22:03:26,0 days 00:49:49.000000000,1622
47,Bar,40.71395329,-74.00925486,5/29/2012 19:30:33,5 days 23:19:17.000000000,1626
47,Park,40.72025477,-74.01354137,5/29/2012 20:45:13,0 days 01:14:40.000000000,1626
48,Bike Shop,40.69332,-73.97241452,11/20/2012 17:57:13,0 days 04:35:38.000000000,1640
48,Hot Dog Joint,40.71428111,-73.9613986,11/20/2012 20:38:01,0 days 02:40:48.000000000,1640
48,Burger Joint,40.68853489,-73.98965736,12/22/2012 15:14:57,5 days 17:08:44.000000000,1642
48,Bar,40.71943413,-73.95592661,12/22/2012 18:02:18,0 days 02:47:21.000000000,1642
49,Train Station,40.7507948,-73.99357639,4/12/2012 7:18:28,1 days 23:47:21.000000000,1647
49,General Travel,40.75696158,-73.98982379,4/12/2012 7:29:46,0 days 00:11:18.000000000,1647
49,Office,40.89501929,-73.94258076,4/12/2012 8:08:59,0 days 00:39:13.000000000,1647
49,General Travel,40.75696158,-73.98982379,4/26/2012 7:33:16,0 days 12:54:31.000000000,1658
49,Office,40.89489112,-73.94268408,4/26/2012 8:03:30,0 days 00:30:14.000000000,1658
49,General Travel,40.75814976,-73.98943354,5/4/2012 7:31:27,0 days 14:16:59.000000000,1662
49,Office,40.89489112,-73.94268408,5/4/2012 8:20:30,0 days 00:49:03.000000000,1662
49,General Travel,40.75687876,-73.99015665,5/21/2012 7:34:49,2 days 14:20:54.000000000,1671
49,Office,40.89489112,-73.94268408,5/21/2012 8:08:21,0 days 00:33:32.000000000,1671
49,General Travel,40.75687876,-73.99015665,5/25/2012 7:40:20,1 days 12:21:05.000000000,1673
49,Office,40.89489112,-73.94268408,5/25/2012 8:03:58,0 days 00:23:38.000000000,1673
49,General Travel,40.75687876,-73.99015665,6/4/2012 7:28:55,2 days 21:05:06.000000000,1676
49,Office,40.89499427,-73.94231096,6/4/2012 8:00:09,0 days 00:31:14.000000000,1676
49,Coffee Shop,40.75068531,-73.99144216,6/5/2012 7:20:44,0 days 23:20:35.000000000,1677
49,General Travel,40.75687876,-73.99015665,6/5/2012 7:38:32,0 days 00:17:48.000000000,1677
49,Train Station,40.7507948,-73.99357639,6/6/2012 7:29:52,0 days 23:51:20.000000000,1678
49,General Travel,40.75687876,-73.99015665,6/6/2012 7:30:18,0 days 00:00:26.000000000,1678
49,Office,40.89499427,-73.94231096,6/6/2012 8:10:15,0 days 00:39:57.000000000,1678
49,Thai Restaurant,40.73136899,-73.99431159,6/10/2012 13:02:42,1 days 17:17:51.000000000,1681
49,Spa / Massage,40.73095900000001,-73.98887015,6/10/2012 15:00:20,0 days 01:57:38.000000000,1681
49,General Travel,40.75821868,-73.98996152,7/12/2012 7:28:16,0 days 14:15:35.000000000,1694
49,Office,40.89499427,-73.94231096,7/12/2012 8:01:51,0 days 00:33:35.000000000,1694
49,Sushi Restaurant,40.7349661,-73.97965908,7/20/2012 19:31:57,2 days 02:18:00.000000000,1697
49,Bar,40.73211864,-73.98541242,7/20/2012 20:28:52,0 days 00:56:55.000000000,1697
49,Coffee Shop,40.75164601,-73.99291992,8/9/2012 7:19:17,2 days 23:47:13.000000000,1699
49,Office,40.89499427,-73.94231096,8/9/2012 8:05:39,0 days 00:46:22.000000000,1699
49,General Travel,40.75821868,-73.98996152,9/14/2012 7:42:37,0 days 23:10:44.000000000,1701
49,Office,40.89499427,-73.94231096,9/14/2012 8:13:29,0 days 00:30:52.000000000,1701
50,Medical Center,40.89416436,-73.86074636,4/10/2012 5:04:39,0 days 10:17:54.000000000,1715
50,Government Building,40.89481895,-73.86098181,4/10/2012 5:25:23,0 days 00:20:44.000000000,1715
50,Food & Drink Shop,40.68948988,-73.98111762,4/23/2012 7:30:38,0 days 22:29:00.000000000,1731
50,Home (private),40.69167638,-73.98887973,4/23/2012 7:31:13,0 days 00:00:35.000000000,1731
50,Medical Center,40.69603201,-73.97276690000002,4/23/2012 7:33:00,0 days 00:01:47.000000000,1731
50,Toy / Game Store,40.73434825,-73.86902332,5/1/2012 21:13:24,2 days 12:30:37.000000000,1738
50,Mall,40.73405558,-73.87084723,5/1/2012 21:33:24,0 days 00:20:00.000000000,1738
50,Department Store,40.735407,-73.87420104,5/1/2012 22:54:37,0 days 01:21:13.000000000,1738
50,Subway,40.73343771,-73.86979579999998,5/8/2012 9:14:30,1 days 00:04:16.000000000,1742
50,Home (private),40.73424417,-73.87130988,5/8/2012 9:14:52,0 days 00:00:22.000000000,1742
50,Mall,40.73405558,-73.87084723,5/8/2012 9:15:23,0 days 00:00:31.000000000,1742
50,Bank,40.73479263,-73.86949238,5/8/2012 9:24:21,0 days 00:08:58.000000000,1742
50,Hotel,40.73717422,-73.86855061,5/8/2012 9:28:07,0 days 00:03:46.000000000,1742
50,Medical Center,40.67024364,-73.99732444,5/14/2012 13:57:15,0 days 06:14:56.000000000,1748
50,Subway,40.67026755,-73.98977637,5/14/2012 14:10:54,0 days 00:13:39.000000000,1748
50,Medical Center,40.64603282,-74.02045007,5/16/2012 7:00:50,0 days 03:44:00.000000000,1750
50,Medical Center,40.67020708,-73.99701455,5/16/2012 9:03:56,0 days 02:03:06.000000000,1750
50,Athletic & Sport,40.67050163,-73.99402465,5/16/2012 9:09:06,0 days 00:05:10.000000000,1750
50,Subway,40.67026755,-73.98977637,5/16/2012 9:11:35,0 days 00:02:29.000000000,1750
50,Subway,40.73343771,-73.86979579999998,5/16/2012 10:38:36,0 days 01:27:01.000000000,1750
50,Caribbean Restaurant,40.73415235,-73.86938328,5/16/2012 10:39:11,0 days 00:00:35.000000000,1750
50,Medical Center,40.75587292,-73.81805008,5/18/2012 23:57:22,0 days 03:55:00.000000000,1752
50,Food Truck,40.74983597,-73.861559,5/19/2012 0:44:57,0 days 00:47:35.000000000,1752
50,South American Restaurant,40.75591204,-73.88242981,5/19/2012 5:55:25,0 days 05:10:28.000000000,1753
50,Medical Center,40.79439182,-73.94046829999998,5/19/2012 8:09:59,0 days 02:14:34.000000000,1753
50,Medical Center,40.79030442,-73.9519373,5/26/2012 3:30:55,2 days 05:22:10.000000000,1756
50,Medical Center,40.73326935,-73.98280493,5/26/2012 3:39:27,0 days 00:08:32.000000000,1756
50,Medical Center,40.73319215,-73.98261554,5/26/2012 3:40:31,0 days 00:01:04.000000000,1756
50,Mall,40.73405558,-73.87084723,6/11/2012 14:25:22,0 days 12:08:10.000000000,1761
50,Toy / Game Store,40.73434825,-73.86902332,6/11/2012 14:25:43,0 days 00:00:21.000000000,1761
50,Sushi Restaurant,40.73468969,-73.86861563,6/11/2012 14:26:18,0 days 00:00:35.000000000,1761
50,Sushi Restaurant,40.73468969,-73.86861563,7/20/2012 21:05:02,2 days 23:58:34.000000000,1772
50,Toy / Game Store,40.73434825,-73.86902332,7/20/2012 21:37:31,0 days 00:32:29.000000000,1772
50,Toy / Game Store,40.73434825,-73.86902332,10/31/2012 23:39:22,0 days 04:00:04.000000000,1778
50,Mall,40.73405558,-73.87084723,11/1/2012 0:12:31,0 days 00:33:09.000000000,1778
50,Bank,40.73479263,-73.86949238,11/1/2012 0:13:21,0 days 00:00:50.000000000,1778
50,Bank,40.73479263,-73.86949238,12/12/2012 18:22:49,4 days 23:21:55.000000000,1779
50,Mall,40.73405558,-73.87084723,12/12/2012 18:23:10,0 days 00:00:21.000000000,1779
50,Bridge,40.75673368,-73.95445704,2/4/2013 19:37:11,7 days 01:05:22.000000000,1783
50,Diner,40.73596877,-73.87561379,2/4/2013 19:58:58,0 days 00:21:47.000000000,1783
50,Toy / Game Store,40.75871853,-73.97846035,2/4/2013 20:09:54,0 days 00:10:56.000000000,1783
